id_transaccion,id_cliente,monto,fecha,region,id_tienda,edad,preferencias,geolocalizacion,ingresos,puntos_lealtad,gastos_mensuales,segmento_cliente,PC1,PC2,PC3
10000,1870,4074.0,2053-05-18,MX,31,45,Tecnología,CDMX,0.03758753751607832,0.8716148445336008,0.7679163214581607,Premium Adulto,1538.718119987584,-3.683203747063459,5.504589378095055
9999,1311,1726.0,2053-05-17,MX,16,40,Hogar,Monterrey,0.3342575389452622,0.8726178535606821,0.4510149130074565,Cliente Leal,-809.2790776046245,1.2761943145382553,-9.942134474855266
9998,1547,1598.0,2053-05-16,MX,33,60,Moda,Guadalajara,0.9539659854223238,0.4353059177532598,0.631006628003314,Regular,-937.2759792205575,9.213574038288844,15.092797634013813
9997,117,1783.0,2053-05-15,MX,17,68,Tecnología,CDMX,0.1298556524224668,0.043129388164493486,0.3216652858326429,Regular,-752.2678138120455,24.412317666429335,5.821003182648759
9996,1172,3183.0,2053-05-14,MX,40,69,Tecnología,CDMX,0.948849506931542,0.6168505516549649,0.912317039491853,Premium Adulto,647.725401774047,12.29093965496951,25.8701708621982
9995,342,706.0,2053-05-13,MX,35,37,Hogar,CDMX,0.38889524081749316,0.8916750250752257,0.3332642916321458,Cliente Leal,-1829.2859682693675,-10.860945046803998,4.502148574264744
9994,1142,3549.0,2053-05-12,MX,19,30,Hogar,CDMX,0.5227383164213234,0.7903711133400201,0.29967550400441867,Premium Adulto,1013.7156319767018,-9.718606786482148,-12.661383026198763
9993,234,4529.0,2053-05-11,MX,5,33,Hogar,Monterrey,0.7582249535515221,0.6850551654964895,0.16100524716929027,Premium Adulto,1993.7209994734408,-0.2245684595962949,-22.875821218136096
9992,1885,1870.0,2053-05-10,MX,24,21,Moda,Monterrey,0.5617264541946548,1.0,0.9950289975144987,Cliente Leal,-665.2893849705943,-19.138895846527486,-13.286690750739648
9991,46,3463.0,2053-05-09,MX,1,69,Moda,Monterrey,0.989524081749321,0.2527582748244734,0.6554128693731014,Premium Adulto,927.7372350411138,32.920413383766416,-7.126471255394669
9990,1986,1176.0,2053-05-08,MX,7,53,Moda,CDMX,0.4484636272688295,0.07522567703109327,0.3413766915216791,Regular,-1359.270894239086,17.354089595940028,-10.655269857737565
9989,216,779.0,2053-05-07,MX,2,23,Tecnología,Guadalajara,0.4894097470344433,0.1464393179538616,0.6771610052471693,Regular,-1756.281716845299,-5.169519827550811,-30.88116735612048
9988,1452,2013.0,2053-05-06,MX,1,23,Tecnología,Guadalajara,0.5918107760468773,0.18655967903711135,0.6622134769400718,Premium Joven,-522.2815771338348,-5.268699135858693,-31.681445068362976
9987,132,1478.0,2053-05-05,MX,18,28,Tecnología,Guadalajara,0.1650993282835501,0.526579739217653,0.5253728251864126,Regular,-1057.2846090354415,-9.817906765644372,-14.649947682387587
9986,1055,2091.0,2053-05-04,MX,47,67,Hogar,Monterrey,0.7223381449192511,0.1945837512537613,0.573080640706987,Premium Adulto,-444.2774089587092,7.428861489097962,30.689046338762218
9985,1135,2625.0,2053-05-03,MX,36,63,Hogar,Monterrey,0.9474917821923682,0.5386158475426279,0.4861571389119028,Premium Adulto,89.72421101494183,9.62878111298124,19.26821820197113
9984,814,1556.0,2053-05-02,MX,1,66,Tecnología,Guadalajara,0.8950693154208947,0.5496489468405216,0.2555923777961889,Regular,-979.2637544198578,31.3572525444976,-8.795761157608695
9983,695,256.0,2053-05-01,MX,32,62,Hogar,Monterrey,0.7112905530941832,0.03610832497492478,0.44000276166804747,Regular,-2279.2746675301682,12.126077524836834,15.26209440600946
9982,313,2142.0,2053-04-30,MX,22,69,Tecnología,CDMX,0.21594969272545375,0.14142427281845538,0.6607636012151339,Premium Adulto,-393.2689695854492,22.411861360527556,10.598524815585805
9981,624,4403.0,2053-04-29,MX,8,57,Moda,CDMX,0.8202229526940117,0.8395185556670011,0.6598315382491025,Premium Adulto,1867.730022994488,18.55452364785449,-7.558534486785788
9980,471,4217.0,2053-04-28,MX,1,67,Moda,Monterrey,0.29709875660997576,0.7582748244734203,0.8465548191107429,Premium Adulto,1681.7363214082038,30.84219270579177,-8.162670123852742
9979,1384,4732.0,2053-04-27,MX,40,21,Moda,CDMX,0.40597398885236524,0.12437311935807423,0.957090582711958,Premium Joven,2196.7053709194956,-29.125815578383214,0.36278304313688636
9978,1690,1733.0,2053-04-26,MX,26,51,Moda,CDMX,0.8261540660282978,0.8264794383149449,0.2916666666666667,Cliente Leal,-802.2775860187355,5.255517370765585,4.379813724139311
9977,973,4456.0,2053-04-25,MX,24,40,Hogar,Guadalajara,0.8363584393311418,0.9237713139418255,0.9516362883181442,Premium Adulto,1920.718121189981,-4.382443893376795,-3.0700583992111206
9976,129,3380.0,2053-04-24,MX,7,63,Moda,Guadalajara,0.3131627840503073,0.006018054162487463,0.38414802540734605,Premium Adulto,844.73295048722,24.689384096741332,-5.246042873692865
9975,119,4472.0,2053-04-23,MX,18,38,Hogar,CDMX,0.927397456052594,0.5897693079237714,0.08816625241645955,Premium Adulto,1936.7191128525178,-2.8881259628819187,-9.212535477229501
9974,1458,343.0,2053-04-22,MX,39,44,Moda,Monterrey,0.0550378733743033,0.46740220661985954,0.33247031206848937,Regular,-2192.2842386375196,-6.880869418826542,11.603148770978223
9973,608,350.0,2053-04-21,MX,45,35,Tecnología,CDMX,0.9475060740317279,0.5436308926780341,0.9793910521955261,Regular,-2185.28979728703,-17.697505307479567,11.886056777190369
9972,126,3316.0,2053-04-20,MX,50,47,Hogar,Guadalajara,0.3576818636558525,0.7953861584754263,0.8234258492129246,Premium Adulto,780.7132576745503,-11.722770232595456,22.621450362189172
9971,483,2497.0,2053-04-19,MX,1,67,Tecnología,Guadalajara,0.7517078748034872,0.7412236710130392,0.651891742612538,Premium Adulto,-38.2634607495238,31.72222410725288,-8.227823402394293
9970,1735,3771.0,2053-04-18,MX,14,46,Moda,Monterrey,0.8324424753465771,0.2296890672016048,0.9441107428887048,Premium Adulto,1235.7237363567192,6.372935019745103,-8.362943927460236
9969,273,1597.0,2053-04-17,MX,26,55,Hogar,Monterrey,0.8811061883664427,0.19759277833500502,0.13514913007456503,Regular,-938.2759158691633,8.710588725006193,6.5055540496855855
9968,722,4075.0,2053-04-16,MX,17,35,Hogar,Guadalajara,0.8355295126482778,0.9789368104312939,0.046948356807511735,Premium Adulto,1539.7182305446945,-4.691400544143772,-11.671717258699438
9967,1947,4502.0,2053-04-15,MX,29,54,Tecnología,Guadalajara,0.28738030584536234,0.7091273821464393,0.48084092792046396,Premium Adulto,1966.722386019807,4.779695265320694,8.621432671307097
9966,2,662.0,2053-04-14,MX,3,57,Hogar,CDMX,0.12538230670287268,0.7883650952858576,0.15796741231703948,Cliente Leal,-1873.2679523244603,23.13294040763269,-11.929160447628547
9965,598,3679.0,2053-04-13,MX,30,55,Hogar,Monterrey,0.14176075460911822,0.802407221664995,0.10404584368958851,Premium Adulto,1143.722603610207,5.514472515672434,9.969849819706766
9964,1746,4300.0,2053-04-12,MX,16,63,Hogar,CDMX,0.7529083893097042,0.8655967903711134,0.9934410383871858,Premium Adulto,1764.730084048137,19.424504741036767,2.4041755358140904
9963,1604,906.0,2053-04-11,MX,25,50,Moda,Guadalajara,0.2861797913391454,0.1484453360080241,0.2802747859707263,Regular,-1629.277575402083,5.36582606055488,2.971093850854153
9962,1658,2294.0,2053-04-10,MX,6,51,Hogar,Guadalajara,0.18230670287265974,0.8716148445336008,0.1915216790941729,Premium Adulto,-241.27156135445557,15.621464665683742,-12.524938466667777
9961,227,4211.0,2053-04-09,MX,43,55,Tecnología,CDMX,0.5262684007431756,0.19157472417251756,0.3544255730461198,Premium Adulto,1675.718571915298,-1.6820038103867496,20.991867610580677
9960,510,2658.0,2053-04-08,MX,27,55,Moda,Guadalajara,0.113334286122624,0.633901705115346,0.7529342723004695,Premium Adulto,122.72365606676931,7.635682939214373,7.392531141466982
9959,1554,4599.0,2053-04-07,MX,11,67,Tecnología,Guadalajara,0.8353151350578819,0.10130391173520562,0.22666390499861916,Premium Adulto,2063.7332150082934,25.319616372142125,0.31469255460115164
9958,889,1732.0,2053-04-06,MX,1,46,Tecnología,Guadalajara,0.6901957981992283,0.4062186559679037,0.6210991438829053,Regular,-803.2720371275395,14.34082148719013,-19.441588980054167
9957,1266,2304.0,2053-04-05,MX,12,30,Moda,Monterrey,0.4633414320423038,0.5586760280842528,0.9956848936757802,Premium Adulto,-231.28206748183948,-5.3520844170740745,-18.63239143279781
9956,838,4549.0,2053-04-04,MX,1,47,Moda,Guadalajara,0.3499642704016007,0.9889669007021064,0.0784313725490196,Premium Adulto,2013.7280063935227,13.744638853083128,-18.80298969696804
9955,285,1290.0,2053-04-03,MX,25,39,Tecnología,Monterrey,0.043575818207803346,0.600802407221665,0.23066832366749518,Regular,-1245.2821688282866,-4.1405586705172155,-2.873357129634897
9954,1991,1307.0,2053-04-02,MX,40,52,Hogar,Guadalajara,0.8012719737030155,0.1875626880641926,0.4345829881248274,Regular,-1228.2813759557268,-1.13661291174137,16.745619366510475
9953,744,1568.0,2053-04-01,MX,47,55,Tecnología,Monterrey,0.25402315277976273,0.43129388164493476,0.34424192212096105,Regular,-967.2822928084365,-2.459446945031999,24.27849600916577
9952,756,2124.0,2053-03-31,MX,35,35,Tecnología,Monterrey,0.46397027297413174,0.7883650952858576,0.989850869925435,Premium Adulto,-411.28697913154065,-13.27901452189791,3.489787013091025
9951,1512,1480.0,2053-03-30,MX,39,36,Hogar,CDMX,0.7840931827926254,0.436308926780341,0.04149406241369788,Regular,-1055.28770911592,-14.23441446013997,7.383558363405719
9950,786,2257.0,2053-03-29,MX,5,54,Moda,Monterrey,0.5193940260111476,0.5476429287863591,0.9747307373653687,Premium Adulto,-278.27001300465145,18.71259680848203,-11.775331700254725
9949,1362,1171.0,2053-03-28,MX,13,24,Tecnología,CDMX,0.7727883378590824,0.275827482447342,0.2818627450980392,Regular,-1364.2847111984386,-10.383457327943308,-21.024513171435526
9948,16,3959.0,2053-03-27,MX,12,52,Hogar,CDMX,0.310261540660283,0.5656970912738215,0.7729563656448495,Premium Adulto,1423.7268075442857,12.420123981421522,-6.852038333470233
9947,1112,4477.0,2053-03-26,MX,29,46,Tecnología,CDMX,0.593440045733886,0.5977933801404213,0.28431372549019607,Premium Adulto,1941.719076845628,-1.978578283186362,4.3590046035560945
9946,1577,4383.0,2053-03-25,MX,41,66,Tecnología,CDMX,0.4879091039016721,0.7141424272818456,0.7555578569455952,Premium Adulto,1847.723706218158,8.605130420190548,25.16432048362001
9945,1621,1139.0,2053-03-24,MX,7,65,Hogar,CDMX,0.952351007574675,0.3811434302908726,0.6145056614194974,Regular,-1396.2659377479335,27.528871146761535,-4.266070429704342
9944,439,1981.0,2053-03-23,MX,5,31,Moda,CDMX,0.3227811919394026,0.5466399197592778,0.800642087821044,Regular,-554.2794794460542,-0.6119736140337011,-24.035966339558286
9943,1881,2263.0,2053-03-22,MX,45,66,Moda,Monterrey,0.24634843504359014,0.8786359077231696,0.4212234189450428,Premium Adulto,-272.27722980476256,7.559692759780052,28.470622876746027
9942,1234,4423.0,2053-03-21,MX,40,66,Tecnología,Monterrey,0.6818779476918679,0.9558676028084253,0.03175918254625794,Premium Adulto,1887.7239973423034,9.116463690265402,24.31921184704442
9941,996,129.0,2053-03-20,MX,30,59,Moda,CDMX,0.06805773903101331,0.8134403209628887,0.41431924882629106,Cliente Leal,-2406.2752719807536,10.717477650549927,11.967382321249026
9940,1180,1873.0,2053-03-19,MX,21,27,Tecnología,Monterrey,0.702815492353866,0.7592778335005016,0.9536730185031759,Cliente Leal,-662.2859948330881,-12.464504692480666,-12.629871444993121
9939,1590,2989.0,2053-03-18,MX,44,56,Hogar,CDMX,0.42724024581963693,0.25877632898696085,0.4995512289422811,Premium Adulto,453.71884442731516,-0.7425643485078766,22.325136074555083
9938,18,2346.0,2053-03-17,MX,47,18,Tecnología,Monterrey,0.3780620265828212,0.7953861584754263,0.0680060756697045,Premium Joven,-189.2976908282085,-34.172831929609686,4.599745603659137
9937,1986,1862.0,2053-03-16,MX,1,53,Moda,CDMX,0.4484636272688295,0.07522567703109327,0.3413766915216791,Regular,-673.269158284927,20.19874071837675,-15.707609617431839
9936,104,4736.0,2053-03-15,MX,8,24,Tecnología,CDMX,0.3912105187937688,0.5606820461384153,0.5212303231151616,Premium Joven,2200.716348204159,-9.544920342227577,-25.122194342780915
9935,1825,2554.0,2053-03-14,MX,34,65,Tecnología,CDMX,0.6342575389452623,0.20260782347041123,0.1743302954984811,Premium Adulto,18.725659886694302,12.423192915759909,18.638922273121842
9934,1982,389.0,2053-03-13,MX,38,51,Moda,Guadalajara,0.16367014434757757,0.12337011033099297,0.015568903617785144,Regular,-2146.2810506006326,-0.44758763716016503,14.487079215155099
9933,1977,2691.0,2053-03-12,MX,18,25,Tecnología,Guadalajara,0.5182649707017293,0.4433299899699097,0.11188207677437172,Premium Joven,155.71398272095394,-12.978457664974771,-16.202827017749335
9932,1729,4307.0,2053-03-11,MX,50,59,Hogar,Guadalajara,0.9141346291267686,0.8204613841524574,0.35615161557580777,Premium Adulto,1771.7180737613476,-2.074780278166042,29.049431172326713
9931,1862,2756.0,2053-03-10,MX,9,60,Moda,Monterrey,0.6541374874946405,0.7853560682046139,0.3095139464236399,Premium Adulto,220.73117655754868,21.4039060864952,-5.175619711371127
9930,1516,1675.0,2053-03-09,MX,28,22,Tecnología,CDMX,0.31412033728740885,0.25877632898696085,0.14705882352941174,Regular,-860.2901630950646,-20.323504110679835,-9.374974373890936
9929,489,4913.0,2053-03-08,MX,20,27,Tecnología,Guadalajara,0.5487780477347435,0.8535606820461384,0.8849765258215962,Premium Joven,2377.7139107292446,-13.48810193912319,-13.362055241788983
9928,69,1158.0,2053-03-07,MX,6,61,Moda,Guadalajara,0.8890667428898099,0.5075225677031093,0.7931165423916046,Regular,-1377.2672869859553,24.666557584837623,-7.242258626056831
9927,825,2364.0,2053-03-06,MX,18,54,Tecnología,Guadalajara,0.7619694154637702,0.17452357071213642,0.47110604805302403,Premium Adulto,-171.27399097766465,11.733079449000297,-0.768947575432648
9926,1480,511.0,2053-03-05,MX,49,62,Tecnología,CDMX,0.30827497498928114,0.8124373119358075,0.022127865230599286,Cliente Leal,-2024.2798727438712,2.940319236402182,29.659811211572453
9925,958,488.0,2053-03-04,MX,27,58,Hogar,CDMX,0.7551950836072603,0.9358074222668005,0.11095001380834023,Cliente Leal,-2047.2748333116026,11.284478252972935,8.908057342240411
9924,1721,2246.0,2053-03-03,MX,7,63,Tecnología,Guadalajara,0.11193368586537086,0.9167502507522568,0.42191383595691795,Premium Adulto,-289.26689766689196,25.269721442933122,-5.288715271359266
9923,1612,3334.0,2053-03-02,MX,50,45,Hogar,Guadalajara,0.6691439188223525,0.5526579739217653,0.07173432753383044,Premium Adulto,798.712419314395,-13.425411815399626,21.556659818833516
9922,1635,2378.0,2053-03-01,MX,23,43,Hogar,CDMX,0.894583392882664,0.7913741223671014,0.2571112952223143,Premium Adulto,-157.28006538403633,-0.2475566354383787,-2.3962202050740515
9921,1364,2279.0,2053-02-28,MX,21,23,Moda,CDMX,0.5476775761040446,0.5245737211634905,0.9508423087544877,Premium Joven,-256.2876984149266,-16.057510789542057,-14.744821791186745
9920,845,2947.0,2053-02-27,MX,30,40,Hogar,CDMX,0.9456910104330428,0.6880641925777332,0.22500690417011876,Premium Adulto,411.7164879962934,-6.806360272563364,1.9515665974588146
9919,235,4786.0,2053-02-26,MX,10,50,Hogar,Guadalajara,0.6201800771759325,0.9658976930792378,0.5628969897818282,Premium Adulto,2250.7264734743853,11.368800908054528,-9.579672312075104
9918,1762,1516.0,2053-02-25,MX,42,41,Tecnología,Monterrey,0.6554523367157353,0.03610832497492478,0.4527754763877382,Regular,-1019.2865554372959,-11.61846225435544,12.587442650761176
9917,991,3686.0,2053-02-24,MX,31,25,Hogar,Monterrey,0.7549521223381449,0.11033099297893681,0.8011253797293565,Premium Joven,1150.7098946623169,-20.41160012378742,-5.163474049175058
9916,905,2553.0,2053-02-23,MX,20,46,Hogar,Monterrey,0.18306417035872516,0.7021063189568707,0.9432477216238608,Premium Adulto,17.72208111042255,3.800907871883048,-3.329731838455878
9915,1000,265.0,2053-02-22,MX,8,24,Hogar,Guadalajara,0.791510647420323,0.7542627883650953,0.5154998619165976,Cliente Leal,-2270.283069383797,-7.2564720747474425,-25.290526716962376
9914,1643,860.0,2053-02-21,MX,50,37,Hogar,CDMX,0.8262112333857368,0.08625877632898696,0.8957125103562552,Regular,-1675.2905576964508,-18.928896171948068,17.202622053888156
9913,635,1587.0,2053-02-20,MX,20,28,Moda,Monterrey,0.36887237387451766,0.9277833500501504,0.6034935100800883,Cliente Leal,-948.2852359478047,-10.939226418247205,-12.953749379861065
9912,938,1388.0,2053-02-19,MX,8,31,Moda,Monterrey,0.5666714306131199,0.13841524573721165,0.7955675227837614,Regular,-1147.2803180712888,-1.9063355210783293,-21.51934540009622
9911,757,948.0,2053-02-18,MX,49,41,Hogar,Guadalajara,0.6551807917679006,0.5967903711133401,0.15755316210991438,Regular,-1587.2886139807817,-15.056623576496648,18.490319493522364
9910,817,3873.0,2053-02-17,MX,8,40,Tecnología,Guadalajara,0.08495069315420897,0.06318956870611835,0.011150234741784039,Premium Adulto,1337.7230774999662,4.43834122036797,-16.631442979416544
9909,545,4380.0,2053-02-16,MX,15,69,Tecnología,CDMX,0.8862798342146635,0.014042126379137413,0.8901891742612538,Premium Adulto,1844.7328559595094,24.99439805590831,4.756922127020765
9908,203,2033.0,2053-02-15,MX,45,55,Tecnología,CDMX,0.6685865370873231,0.014042126379137413,0.4743855288594311,Premium Adulto,-502.28175111202245,-1.6322414228264073,22.602752009223856
9907,1344,2465.0,2053-02-14,MX,34,21,Moda,CDMX,0.24624839216807207,0.8946840521564694,0.2251449875724938,Premium Joven,-70.29250637427685,-24.770238899293467,-4.800202912272461
9906,312,688.0,2053-02-13,MX,7,58,Moda,CDMX,0.20896098327854798,0.20461384152457374,0.06507180336923502,Regular,-1847.2687611771994,21.83551329063476,-8.00998037531248
9905,1111,103.0,2053-02-12,MX,17,27,Tecnología,CDMX,0.8762612548234957,0.3671013039117352,0.10211267605633804,Regular,-2432.284551140756,-9.428508224551756,-16.081436189745105
9904,1561,2790.0,2053-02-11,MX,6,32,Hogar,Guadalajara,0.7920966128340717,0.03510531594784353,0.0267881800607567,Premium Adulto,254.72051082284406,-0.7131865258419161,-22.626965289148632
9903,388,3400.0,2053-02-10,MX,41,53,Hogar,Guadalajara,0.9783335715306559,0.8816449348044133,0.5645194697597349,Premium Adulto,864.7184534270259,-1.8946668798141317,18.202345904965505
9902,1003,3364.0,2053-02-09,MX,36,58,Tecnología,Guadalajara,0.8469201086179791,0.09227683049147442,0.7717136150234741,Premium Adulto,828.7220513195871,5.019242891870569,16.633063059553706
9901,615,1020.0,2053-02-08,MX,24,32,Tecnología,Monterrey,0.971816492782621,0.7432296890672017,0.5366956641811654,Cliente Leal,-1515.2847362850616,-9.394568129796369,-7.459957528083052
9900,1966,4844.0,2053-02-07,MX,1,57,Hogar,CDMX,0.7789767043018436,0.19759277833500502,0.8006766086716377,Premium Adulto,2308.7320982342058,22.057635368779753,-13.466020302791488
9899,1858,2331.0,2053-02-06,MX,25,26,Hogar,Monterrey,0.3005716735743891,0.9057171514543632,0.37451670809168736,Premium Joven,-204.28768277388917,-15.676105232141051,-9.759248014947403
9898,1338,1202.0,2053-02-05,MX,50,27,Tecnología,Guadalajara,0.3349578390738889,0.7001003009027081,0.1753314001657001,Cliente Leal,-1333.2947321804088,-27.567872198579316,11.889724750376587
9897,1958,1957.0,2053-02-04,MX,48,63,Moda,Guadalajara,0.876975846791482,0.7211634904714143,0.08295360397680199,Cliente Leal,-578.2793551797424,3.5787316217735246,29.39940266561313
9896,229,915.0,2053-02-03,MX,24,43,Hogar,CDMX,0.7334000285836787,0.7111334002006019,0.120995581331124,Cliente Leal,-1620.2801746913347,-0.031211725439174387,-1.60436907569418
9895,1992,2146.0,2053-02-02,MX,47,39,Tecnología,CDMX,0.9464056024010289,0.7221664994984955,0.6469897818282242,Premium Adulto,-389.28899211733005,-16.297175702883226,15.776592760925503
9894,568,3659.0,2053-02-01,MX,34,21,Tecnología,CDMX,0.40781763612976984,0.4112337011033099,0.2685031759182546,Premium Joven,1123.7073343525767,-25.381366640800422,-4.755467520290331
9893,639,397.0,2053-01-31,MX,10,35,Hogar,Guadalajara,0.8015292268114906,0.7562688064192579,0.8573253244959956,Cliente Leal,-2138.2791477910114,0.9207080619754784,-17.73398948945547
9892,1994,4215.0,2053-01-30,MX,27,46,Hogar,Monterrey,0.8287265971130484,0.33600802407221664,0.18206296603148303,Premium Adulto,1679.7197159387829,-0.7793257587868858,2.6562819663755732
9891,1902,4929.0,2053-01-29,MX,42,47,Tecnología,CDMX,0.5482063741603544,0.6258776328986961,0.2010149130074565,Premium Adulto,2393.7154734741575,-8.28797606662143,15.91110655281176
9890,1674,1867.0,2053-01-28,MX,29,48,Hogar,CDMX,0.4839216807203087,0.31995987963891676,0.07021541010770506,Regular,-668.2797512678517,1.050244814837665,5.326840566767089
9889,551,1068.0,2053-01-27,MX,16,56,Moda,CDMX,0.566042589681292,0.1695085255767302,0.5435307925987296,Regular,-1467.2723808422015,15.154698234739474,-1.4446243990679974
9888,748,2673.0,2053-01-26,MX,42,21,Moda,CDMX,0.26674288980991856,0.2296890672016048,0.15002761668047498,Premium Joven,137.70503120265494,-29.13764055088005,1.9786713668679141
9887,645,438.0,2053-01-25,MX,25,27,Tecnología,Guadalajara,0.3630698870944691,0.530591775325978,0.03200082850041425,Regular,-2097.2870223205027,-13.860864905706599,-9.297373824521912
9886,148,378.0,2053-01-24,MX,42,29,Tecnología,Monterrey,0.8318565099328283,0.09528585757271815,0.7397473073736537,Regular,-2157.2913660734384,-21.19190860010682,6.1527492278222695
9885,1957,223.0,2053-01-23,MX,40,47,Tecnología,Guadalajara,0.6441331999428326,0.5707121364092277,0.09358602595967964,Regular,-2312.2832992133676,-4.813712924219782,14.0419423218434
9884,1724,1268.0,2053-01-22,MX,4,28,Moda,Guadalajara,0.7829212519651279,0.8796389167502507,0.011081193040596522,Cliente Leal,-1267.2803339777342,-2.254467930002768,-26.5076787264302
9883,1228,4051.0,2053-01-21,MX,28,44,Hogar,Monterrey,0.6311133342861226,0.6389167502507523,0.10459817729908864,Premium Adulto,1515.7186091217695,-2.9207336142890554,2.4313831800597754
9882,320,1388.0,2053-01-20,MX,5,49,Hogar,Guadalajara,0.8832499642704016,0.9237713139418255,0.21924192212096105,Cliente Leal,-1147.271976103268,14.924720748145415,-14.471697472365047
9881,1746,1072.0,2053-01-19,MX,30,63,Hogar,CDMX,0.7529083893097042,0.8655967903711134,0.9934410383871858,Cliente Leal,-1463.273751869674,13.62005874053946,14.131976164597361
9880,1622,4656.0,2053-01-18,MX,43,40,Tecnología,Guadalajara,0.09739888523652995,0.39518555667001,0.9324426953880144,Premium Adulto,2120.7123246759725,-14.604236317089686,13.019435205022283
9879,1022,913.0,2053-01-17,MX,49,39,Moda,Guadalajara,0.6382163784479062,0.7642928786359078,0.6586923501795084,Cliente Leal,-1622.2894329373553,-16.73103396871958,17.423544094388433
9878,4,2237.0,2053-01-16,MX,14,20,Hogar,Monterrey,0.39985708160640276,0.7973921765295888,0.7941176470588235,Premium Joven,-298.2868006301792,-14.846694887336492,-22.268565373895132
9877,981,1278.0,2053-01-15,MX,39,57,Hogar,Guadalajara,0.6025582392453909,0.03009027081243731,0.5386288318144159,Regular,-1257.278997050004,3.642871631256014,18.561761934117534
9876,1849,1380.0,2053-01-14,MX,2,62,Hogar,Monterrey,0.44020294411890803,0.9638916750250752,0.5950704225352113,Cliente Leal,-1155.2656794527513,27.52978666292201,-10.08612725542995
9875,1876,1933.0,2053-01-13,MX,21,69,Moda,CDMX,0.7160211519222524,0.43129388164493476,0.20881662524164596,Regular,-602.2686494235995,23.050646745722613,9.743486537875818
9874,921,2610.0,2053-01-12,MX,26,21,Tecnología,CDMX,0.6707588966700014,0.010030090270812439,0.2596658381662524,Premium Joven,74.70990397445712,-20.583284916949786,-11.565731487654439
9873,898,1682.0,2053-01-11,MX,44,61,Tecnología,CDMX,0.3069458339288267,0.3711133400200602,0.16922120961060483,Regular,-853.2789168496922,4.15800287307362,24.939556719580885
9872,36,465.0,2053-01-10,MX,10,62,Tecnología,Guadalajara,0.9996712876947264,0.17251755265797394,0.6858602595967964,Regular,-2070.2680019538716,23.737074711641082,-3.3502014208919704
9871,1064,4042.0,2053-01-09,MX,31,23,Tecnología,CDMX,0.6916535658139202,0.6930792377131395,0.3114125932062966,Premium Joven,1506.7090184639142,-22.287116044692073,-6.215492461003429
9870,1785,1577.0,2053-01-08,MX,22,65,Moda,Guadalajara,0.8847077318850937,0.2407221664994985,0.3715824357912179,Regular,-958.2705616355938,19.31497368831184,8.445721129402635
9869,1237,4427.0,2053-01-07,MX,5,63,Hogar,Monterrey,0.08952408174932114,0.32798395185556667,0.25379729356531344,Premium Adulto,1891.7334238148537,25.218602053202364,-6.899258691507491
9868,555,1233.0,2053-01-06,MX,45,55,Moda,CDMX,0.4080463055595255,0.09027081243731193,0.2856255178127589,Regular,-1302.281642291295,-1.2226980631444455,22.57320247192896
9867,198,3214.0,2053-01-05,MX,28,44,Moda,CDMX,0.9458196369872803,0.9087261785356069,0.12430958298812482,Premium Adulto,678.7187137335673,-2.492570060795863,2.3993454270850236
9866,1370,2573.0,2053-01-04,MX,21,58,Moda,CDMX,0.4440331570673145,0.37512537612838515,0.6615575807787903,Premium Adulto,37.72672765218658,13.413843630512812,3.9088259932798906
9865,1383,4841.0,2053-01-03,MX,25,62,Moda,Monterrey,0.08353580105759612,0.8836509528585758,0.947804473902237,Premium Adulto,2305.726871111125,13.507901411983955,9.50999193803365
9864,893,1502.0,2053-01-02,MX,35,30,Moda,CDMX,0.6583392882663999,0.5636910732196591,0.4221209610604805,Regular,-1033.2889698040149,-17.19282143883588,0.8032335862669626
9863,1102,3695.0,2053-01-01,MX,30,18,Moda,CDMX,0.707346005430899,0.020060180541624874,0.767743717205192,Premium Joven,1159.7073057562893,-25.807918535560454,-9.737804262094492
9862,1130,1233.0,2052-12-31,MX,22,52,Tecnología,CDMX,0.5765470916106903,0.3650952858575727,0.08944352388842862,Regular,-1302.275885286266,8.488574370857766,1.509053506806893
9861,291,2904.0,2052-12-30,MX,1,37,Hogar,Guadalajara,0.6909961412033728,0.9027081243731194,0.7269400718033693,Premium Adulto,368.7240886624877,6.123657347757231,-24.19169397510737
9860,715,4981.0,2052-12-29,MX,7,64,Moda,Monterrey,0.36758610833214234,0.11334002006018054,0.9453880143606739,Premium Adulto,2445.733154766966,24.71651079454224,-4.6536893819057
9859,916,1659.0,2052-12-28,MX,38,26,Moda,CDMX,0.8963269972845506,0.571715145436309,0.2607359845346589,Regular,-876.2915619152209,-22.25678378310826,1.2172399485196266
9858,1801,3113.0,2052-12-27,MX,24,50,Hogar,Guadalajara,0.2129484064599114,0.39317953861584753,0.45577879038939517,Premium Adulto,577.7224398198673,4.768744492322266,2.2074139014313445
9857,1394,2429.0,2052-12-26,MX,29,37,Moda,Guadalajara,0.8429326854366157,0.5366098294884655,0.6064968240817453,Premium Adulto,-106.28437482205982,-8.547123116875358,-0.5119475772582049
9856,259,4881.0,2052-12-25,MX,19,44,Hogar,Monterrey,0.7632413891667857,0.9819458375125376,0.19959955813311242,Premium Adulto,2345.721237014895,1.4479623578609413,-5.155010841955097
9855,1250,3702.0,2052-12-24,MX,10,36,Tecnología,Guadalajara,0.07040160068600831,0.2156469408224674,0.7923570836785419,Premium Adulto,1166.7208427521177,0.07582523504517624,-17.075973145676887
9854,1367,1971.0,2052-12-23,MX,40,40,Moda,CDMX,0.31146205516649994,0.1715145436308927,0.22538663352665006,Regular,-564.2864154773254,-11.632444751403757,10.379724204196187
9853,1438,3691.0,2052-12-22,MX,11,60,Moda,CDMX,0.6035729598399314,0.7753259779338014,0.22265948632974314,Premium Adulto,1155.7304448065674,19.859947860330823,-3.4477820935432533
9852,670,1804.0,2052-12-21,MX,34,56,Moda,CDMX,0.9139631270544518,0.8696088264794384,0.575807787903894,Cliente Leal,-731.2779642022558,5.189922533266358,13.816156571578865
9851,43,3891.0,2052-12-20,MX,15,68,Moda,Monterrey,0.5869515506645705,0.3981945837512537,0.7639119027892847,Premium Adulto,1355.7325110402785,24.39834750199285,4.206273375535339
9850,566,786.0,2052-12-19,MX,48,34,Hogar,CDMX,0.48542232385307993,0.5867602808425276,0.38287075393537695,Regular,-1749.2911768169604,-20.365134829554314,13.909672173373878
9849,445,4949.0,2052-12-18,MX,17,59,Tecnología,Guadalajara,0.5643847363155639,0.7402206619859579,0.8328500414250207,Premium Adulto,2413.7280434900126,15.17431358893639,1.1447102987404776
9848,54,886.0,2052-12-17,MX,23,58,Tecnología,Guadalajara,0.2644704873517222,0.5195586760280843,0.8064415907207954,Regular,-1649.2736549042972,13.212375105972246,5.538461512395003
9847,355,1135.0,2052-12-16,MX,19,40,Moda,Guadalajara,0.6603687294554809,0.044132397191574725,0.42091273128969897,Regular,-1400.2799174024397,-0.019104133063809314,-7.425340610341614
9846,1709,3796.0,2052-12-15,MX,38,50,Tecnología,Guadalajara,0.8275403744461912,0.3329989969909729,0.5447045015189175,Premium Adulto,1260.718077977598,-3.038188169614447,14.080799043771798
9845,1746,1005.0,2052-12-14,MX,38,63,Hogar,CDMX,0.7529083893097042,0.8655967903711134,0.9934410383871858,Cliente Leal,-1530.2761782806954,9.393248470728818,20.900199562975068
9844,1244,620.0,2052-12-13,MX,48,58,Tecnología,Monterrey,0.10308703730170074,0.37612838515546637,0.3552885943109638,Regular,-1915.2812295830195,0.0323848871994592,26.68749357822322
9843,1099,1669.0,2052-12-12,MX,38,48,Tecnología,Monterrey,0.5448906674288981,0.9167502507522568,0.9444214305440486,Cliente Leal,-866.2824616846078,-3.64170754899639,12.935853221546878
9842,167,801.0,2052-12-11,MX,23,22,Hogar,CDMX,0.890881806488495,0.9007021063189569,0.018192488262910797,Cliente Leal,-1734.2885375943229,-17.213664495643645,-13.640701351266447
9841,579,1011.0,2052-12-10,MX,24,50,Tecnología,Guadalajara,0.6817921966557096,0.2156469408224674,0.4514291632145816,Regular,-1524.2772908283189,5.844540709654293,2.1279584440590753
9840,234,1347.0,2052-12-09,MX,27,33,Hogar,Monterrey,0.7582249535515221,0.6850551654964895,0.16100524716929027,Regular,-1188.285277759859,-10.313672301325564,-4.37556197246618
9839,1862,3147.0,2052-12-08,MX,22,60,Moda,Monterrey,0.6541374874946405,0.7853560682046139,0.3095139464236399,Premium Adulto,611.7271677071626,14.279440683325209,5.841478530923226
9838,1619,2503.0,2052-12-07,MX,49,48,Tecnología,Guadalajara,0.10460197227383167,0.4272818455366098,0.4810135321734328,Premium Adulto,-32.28591443767982,-9.927545880951172,22.277975222839608
9837,1129,1500.0,2052-12-06,MX,44,33,Tecnología,CDMX,0.021866514220380162,0.5646940822467402,0.12769262634631318,Regular,-1035.29046003972,-19.446302632317895,10.019265597820322
9836,1277,2959.0,2052-12-05,MX,9,28,Hogar,CDMX,0.7885379448335,0.5667001003009028,0.37914250207125105,Premium Joven,423.717923512781,-5.782905476316952,-22.212524694884124
9835,613,2060.0,2052-12-04,MX,17,60,Hogar,Monterrey,0.47821923681577816,0.26078234704112335,0.5179163214581607,Premium Adulto,-475.2711617729201,17.49960284906032,1.5695479565760522
9834,1951,2754.0,2052-12-03,MX,20,40,Tecnología,Monterrey,0.441875089323996,0.9608826479438315,0.18299502899751452,Premium Adulto,218.71956559511455,-1.3809516961359591,-6.518394550440597
9833,375,4686.0,2052-12-02,MX,20,53,Moda,Monterrey,0.5187508932399599,0.24172517552657974,0.330951394642364,Premium Adulto,2150.724683972539,8.632803438505839,0.4785253612835305
9832,393,1828.0,2052-12-01,MX,50,18,Hogar,Monterrey,0.16164070315849652,0.8836509528585758,0.9686550676608671,Cliente Leal,-707.2985268133446,-35.50471241719262,7.119436773291966
9831,1854,4056.0,2052-11-30,MX,25,64,Tecnología,Monterrey,0.25253680148635127,0.9608826479438315,0.9245028997514498,Premium Adulto,1520.7277979951264,15.602274850313027,10.545531629388861
9830,640,942.0,2052-11-29,MX,48,37,Hogar,Guadalajara,0.49005287980563095,0.2928786359077232,0.6831676332504832,Regular,-1593.2899554293576,-17.905610494062255,15.513505911199047
9829,140,3432.0,2052-11-28,MX,35,42,Moda,CDMX,0.6269687008718022,0.9117352056168506,0.9503244959955813,Premium Adulto,896.7157379834566,-8.024419243455018,7.266947433459023
9828,1349,866.0,2052-11-27,MX,6,52,Hogar,Guadalajara,0.14846362726882953,0.2086258776328987,0.28072355702844515,Regular,-1669.270957566539,17.199196936009027,-12.045431789807772
9827,1137,2519.0,2052-11-26,MX,12,64,Moda,CDMX,0.9278262112333858,0.13841524573721165,0.6524095553714443,Premium Adulto,-16.268054033795124,23.313024181962202,-0.5151148977129978
9826,1581,2105.0,2052-11-25,MX,7,41,Hogar,Guadalajara,0.08276404173217095,0.25376128385155466,0.5366956641811654,Premium Adulto,-430.2759688074102,6.7227617874405965,-17.01164372373799
9825,227,3427.0,2052-11-24,MX,17,55,Tecnología,CDMX,0.5262684007431756,0.19157472417251756,0.3544255730461198,Premium Adulto,891.7265898798646,12.567950846774853,-1.0424038336276595
9824,853,1637.0,2052-11-23,MX,18,34,Hogar,Guadalajara,0.26136915821066176,0.32798395185556667,0.15182270091135047,Regular,-898.2821539292297,-4.821548290532267,-11.448121310603419
9823,6,1956.0,2052-11-22,MX,10,57,Tecnología,Monterrey,0.6332999857081606,0.31795386158475425,0.5474316487158244,Regular,-579.2702596427912,18.742177917943568,-5.956947411875369
9822,1461,2643.0,2052-11-21,MX,47,56,Hogar,Monterrey,0.7076747177361726,0.09528585757271815,0.6146782656724662,Premium Adulto,107.7179729041004,-2.1633970858222966,24.85079219603366
9821,1910,1649.0,2052-11-20,MX,16,32,Tecnología,Guadalajara,0.06820065742461057,0.38415245737211634,0.7216929025131179,Regular,-886.2823666279496,-5.454514307412136,-14.205486828104064
9820,1289,4306.0,2052-11-19,MX,2,29,Tecnología,CDMX,0.4556810061454909,0.19057171514543633,0.3477285280309307,Premium Joven,1770.7202961627331,-1.8972927983991816,-27.553037594365243
9819,73,3591.0,2052-11-18,MX,25,51,Hogar,Monterrey,0.5450050021437759,0.39317953861584753,0.07632560066280034,Premium Adulto,1055.7224776358016,4.837197309548365,3.60385902270162
9818,242,2705.0,2052-11-17,MX,16,36,Hogar,Monterrey,0.5448049163927398,0.09127382146439318,0.9555716652858326,Premium Adulto,169.71914072283653,-2.609776069906122,-12.036042616905384
9817,903,4014.0,2052-11-16,MX,15,41,Tecnología,Monterrey,0.9400600257253108,0.9227683049147443,0.7451670809168738,Premium Adulto,1478.7213294007506,1.4836735121494726,-10.171181125173128
9816,1362,2122.0,2052-11-15,MX,39,24,Tecnología,CDMX,0.7727883378590824,0.275827482447342,0.2818627450980392,Premium Joven,-413.2927511899602,-24.71890352870987,1.0160174010116805
9815,355,3762.0,2052-11-14,MX,9,40,Moda,Guadalajara,0.6603687294554809,0.044132397191574725,0.42091273128969897,Premium Adulto,1226.7227801619342,3.9624544031617823,-15.790299332005265
9814,232,4931.0,2052-11-13,MX,40,48,Tecnología,Guadalajara,0.9268972416750035,0.3239719157472417,0.2134424192212096,Premium Adulto,2395.716489260461,-6.377523619647139,14.750673105388465
9813,1356,3575.0,2052-11-12,MX,43,26,Moda,CDMX,0.5704301843647277,0.530591775325978,0.6811654239160453,Premium Joven,1039.7066715393166,-25.900230737310054,5.521211399235
9812,1083,2983.0,2052-11-11,MX,6,47,Tecnología,Monterrey,0.6969701300557382,0.34503510531594783,0.6343896713615024,Premium Adulto,447.7266891669974,11.883581624645881,-14.630336848026051
9811,948,2478.0,2052-11-10,MX,25,67,Moda,Monterrey,0.5982563955981135,0.2918756268806419,0.23529411764705882,Premium Adulto,-57.27076304980983,18.948571152508432,12.084267579966287
9810,866,800.0,2052-11-09,MX,10,41,Moda,CDMX,0.7919679862798342,0.9428284854563691,0.3935031759182546,Cliente Leal,-1735.276724169371,5.792006030792553,-14.52302919710906
9809,929,250.0,2052-11-08,MX,1,56,Tecnología,Guadalajara,0.5378162069458339,0.6038114343029087,0.3183858050262358,Regular,-2285.26770838029,23.56269651847474,-14.17054115990911
9808,750,1172.0,2052-11-07,MX,50,20,Tecnología,CDMX,0.3071030441617836,0.5456369107321967,0.694076222038111,Regular,-1363.2976173494046,-33.47640097960823,8.160137393276308
9807,535,1533.0,2052-11-06,MX,34,41,Tecnología,CDMX,0.7779905673860226,0.9608826479438315,0.08343689588511462,Cliente Leal,-1002.2841282005213,-7.366814003868688,5.8167386593444235
9806,1778,2765.0,2052-11-05,MX,29,50,Tecnología,Guadalajara,0.08220665999714163,0.8264794383149449,0.8196285556476112,Premium Adulto,229.72096741077576,2.283921055344546,6.425969111997858
9805,661,2120.0,2052-11-04,MX,13,67,Hogar,CDMX,0.625468057739031,0.5325977933801405,0.5408726871030102,Premium Adulto,-415.26706202057267,25.523639159792683,1.9144963270991582
9804,329,3675.0,2052-11-03,MX,50,25,Moda,CDMX,0.6150778905245105,0.4373119358074222,0.3781068765534383,Premium Joven,1139.7041118289285,-30.52647885675964,10.916768363475782
9803,217,2679.0,2052-11-02,MX,42,37,Moda,Guadalajara,0.722295269401172,0.9327983951855567,0.40958989229494613,Premium Adulto,143.71163523780797,-15.599638736039639,10.499900148290259
9802,600,3892.0,2052-11-01,MX,6,29,Moda,CDMX,0.5006145490924682,0.12337011033099297,0.049986191659762494,Premium Joven,1356.7191307222242,-3.8161596976552055,-24.18314929887133
9801,843,4618.0,2052-10-31,MX,11,54,Tecnología,CDMX,0.5394168929541232,0.46038114343029085,0.2976042529687931,Premium Adulto,2082.7278449645396,14.30757498202659,-6.608605767271989
9800,1942,1995.0,2052-10-30,MX,12,22,Hogar,CDMX,0.5785336572816921,0.5807422266800402,0.6281068765534382,Regular,-540.2853370933547,-11.965026581661387,-22.905179145585837
9799,1268,744.0,2052-10-29,MX,15,48,Tecnología,CDMX,0.45588109189652704,0.22567703109327986,0.122997790665562,Regular,-1791.2753405147882,9.08217917807897,-6.563951164990591
9798,101,901.0,2052-10-28,MX,14,38,Hogar,Monterrey,0.25099328283550093,0.39618856569709127,0.989402098867716,Regular,-1634.2791811543386,1.0718165937667798,-12.730755867421372
9797,729,2050.0,2052-10-27,MX,1,51,Hogar,Monterrey,0.9498356438473631,0.9358074222668005,0.7785142225904447,Premium Adulto,-485.2700171473675,18.40946934822122,-16.767235598079782
9796,98,3809.0,2052-10-26,MX,24,46,Moda,Monterrey,0.9755037873374303,0.5255767301905717,0.732981220657277,Premium Adulto,1273.720683086634,1.0267016838983771,0.10155737232927464
9795,1115,479.0,2052-10-25,MX,50,53,Tecnología,Monterrey,0.8964127483207088,0.5275827482447343,0.2974661695664181,Regular,-2056.283900533016,-5.193099454331527,25.710336617513683
9794,1801,2814.0,2052-10-24,MX,28,50,Hogar,Guadalajara,0.2129484064599114,0.39317953861584753,0.45577879038939517,Premium Adulto,278.7212616332563,2.7912555539864954,5.581574711114676
9793,1674,4960.0,2052-10-23,MX,6,48,Hogar,CDMX,0.4839216807203087,0.31995987963891676,0.07021541010770506,Premium Adulto,2424.726842110386,11.7175486771707,-14.023096200180643
9792,1332,1076.0,2052-10-22,MX,24,19,Moda,Guadalajara,0.7707588966700014,0.001003009027081244,0.978389947528307,Regular,-1459.2901089316936,-20.424877852687693,-14.381524541237685
9791,294,3124.0,2052-10-21,MX,44,50,Moda,Guadalajara,0.4416892954123196,0.7051153460381144,0.5146713615023474,Premium Adulto,588.7163461199043,-5.889900583679072,19.134103914035563
9790,778,4903.0,2052-10-20,MX,41,69,Moda,Guadalajara,0.05196512791196228,0.09127382146439318,0.2555233360950014,Premium Adulto,2367.724883083353,10.878107249646316,26.782899728983004
9789,284,750.0,2052-10-19,MX,4,52,Hogar,Guadalajara,0.2655137916249821,0.29889669007021064,0.9927506213753107,Regular,-1785.2703314546502,18.324320126250978,-13.742883755945144
9788,205,1275.0,2052-10-18,MX,1,39,Tecnología,Guadalajara,0.9884236101186222,0.48746238716148443,0.7914250207125103,Regular,-1260.2748740671404,8.65027087966341,-23.187754683783222
9787,401,4153.0,2052-10-17,MX,27,68,Hogar,Monterrey,0.1896670001429184,0.15546639919759278,0.41179922673294667,Premium Adulto,1617.72882883979,17.872653847488973,14.373066974661327
9786,559,3769.0,2052-10-16,MX,6,46,Moda,Monterrey,0.2685722452479634,0.0,0.27948080640706985,Premium Adulto,1233.7261781401353,10.635021973600114,-15.132535972375376
9785,390,4189.0,2052-10-15,MX,5,66,Moda,Guadalajara,0.1416892954123196,0.6619859578736209,0.24223280861640428,Premium Adulto,1653.7346935149294,27.87928585758537,-5.310529875531692
9784,358,156.0,2052-10-14,MX,46,22,Hogar,Monterrey,0.9461197656138344,0.8535606820461384,0.3676815796741232,Cliente Leal,-2379.2954526932626,-29.133896787586345,5.800832460438457
9783,1638,2124.0,2052-10-13,MX,17,28,Tecnología,CDMX,0.4186365585250822,0.6840521564694083,0.17502071251035628,Premium Joven,-411.2843965517268,-9.616504077710431,-15.47249023101168
9782,1827,1595.0,2052-10-12,MX,23,46,Moda,CDMX,0.9909818493640131,0.4944834503510531,0.9258492129246064,Regular,-940.2787195731341,2.692902268215782,-0.827822097470083
9781,28,3466.0,2052-10-11,MX,9,18,Tecnología,CDMX,0.9500071459196798,0.058174523570712136,0.03945733222866611,Premium Joven,930.713719931915,-14.50606198253778,-27.519800339246977
9780,1564,4910.0,2052-10-10,MX,44,32,Hogar,Monterrey,0.5477347434614834,0.11634904714142427,0.8950566141949737,Premium Adulto,2374.7086729872503,-22.037882882343826,9.613619091772051
9779,947,1274.0,2052-10-09,MX,25,58,Tecnología,Guadalajara,0.44223238530798914,0.4182547642928786,0.1915216790941729,Regular,-1261.27432143245,11.947879527996381,7.2456053989869815
9778,1820,4806.0,2052-10-08,MX,28,25,Moda,Monterrey,0.19682721166214093,0.9488465396188566,0.8832159624413145,Premium Joven,2270.710669010595,-19.386904382622898,-7.660078720033432
9777,1557,3015.0,2052-10-07,MX,18,40,Tecnología,CDMX,0.01833642989852796,0.24674022066198598,0.4918876001104667,Premium Adulto,479.7201502964499,-0.44844482513260786,-8.200293501939683
9776,214,4129.0,2052-10-06,MX,47,51,Tecnología,CDMX,0.4763898813777333,0.9157472417251755,0.3728251864125932,Premium Adulto,1593.715711845021,-7.156184649915048,22.243299126873715
9775,1714,2765.0,2052-10-05,MX,19,40,Hogar,Guadalajara,0.6603258539374017,0.8324974924774323,0.9109362054681027,Premium Adulto,229.7198692273596,-0.8534548454481587,-7.364797344159193
9774,1440,2109.0,2052-10-04,MX,23,43,Hogar,CDMX,0.004716306988709451,0.6670010030090271,0.49982739574703117,Premium Adulto,-426.2800128042654,-0.10895904096349085,-2.4048355458599033
9773,876,2230.0,2052-10-03,MX,25,33,Moda,CDMX,0.7594969272545377,0.7833500501504513,0.6431234465617233,Premium Adulto,-305.2847827624564,-9.70007049790524,-6.035327791212978
9772,1946,1522.0,2052-10-02,MX,44,68,Hogar,Guadalajara,0.38152065170787475,0.7402206619859579,0.7215202982601491,Cliente Leal,-1013.2760014878027,10.164555124816172,28.66155996686941
9771,888,1137.0,2052-10-01,MX,21,31,Hogar,CDMX,0.014606259825639567,0.358074222668004,0.83467964650649,Regular,-1398.2842327611002,-8.701802109636375,-10.525531164921262
9770,1416,667.0,2052-09-30,MX,25,59,Hogar,CDMX,0.03221380591682152,0.7051153460381144,0.41690831262082295,Cliente Leal,-1868.2738201009,13.105326099725612,7.755953977489206
9769,1538,1913.0,2052-09-29,MX,6,57,Moda,Guadalajara,0.031770758896670026,0.6710130391173521,0.2026719138359569,Regular,-622.2690284697585,20.894756474599614,-9.34304206856011
9768,1545,337.0,2052-09-28,MX,35,62,Hogar,Monterrey,0.30706016864370445,0.33801404212637914,0.32273543220104944,Regular,-2198.27558556964,10.486771014317132,17.804686186246137
9767,990,2554.0,2052-09-27,MX,22,54,Moda,Guadalajara,0.7239102472488209,0.26278836509528586,0.27395747031206846,Premium Adulto,18.72476570216486,9.505089966933408,2.6236055372582
9766,1206,3494.0,2052-09-26,MX,22,41,Tecnología,Guadalajara,0.008632270973274264,0.26780341023069204,0.6269676884838442,Premium Adulto,958.7192836928548,-1.9777607426056356,-4.2643656582850085
9765,258,1500.0,2052-09-25,MX,19,68,Hogar,CDMX,0.6283264256109761,0.46038114343029085,0.8477630488815244,Regular,-1035.2683915422103,23.491820604528417,7.501903783388926
9764,1183,2444.0,2052-09-24,MX,50,69,Tecnología,Monterrey,0.7849078176361297,0.7713139418254764,0.17591825462579397,Premium Adulto,-91.27754652985732,7.342319983724682,34.306263299783105
9763,722,3682.0,2052-09-23,MX,44,35,Hogar,Guadalajara,0.8355295126482778,0.9789368104312939,0.046948356807511735,Premium Adulto,1146.7100634179642,-18.871457651826084,11.164782267562664
9762,541,4666.0,2052-09-22,MX,10,65,Moda,CDMX,0.9493925968272116,0.9658976930792378,0.6558616404308202,Premium Adulto,2130.732683194548,24.125197762289684,-1.5951746115781162
9761,1793,4748.0,2052-09-21,MX,15,21,Moda,Monterrey,0.37696155495212236,0.4744232698094283,0.031862745098039214,Premium Joven,2212.712973477496,-15.818915458080912,-20.795070207184505
9760,1636,2445.0,2052-09-20,MX,23,69,Tecnología,CDMX,0.021494926397027297,0.5436308926780341,0.263014360673847,Premium Adulto,-90.26931354837097,21.723764038613442,11.45642582101658
9759,400,571.0,2052-09-19,MX,50,44,Tecnología,CDMX,0.6376875803915963,0.9819458375125376,0.8058202154101077,Cliente Leal,-1964.2876253500672,-12.85685083829562,20.920100571293624
9758,1374,1741.0,2052-09-18,MX,19,30,Hogar,Monterrey,0.971244819208232,1.0,0.7515189174261254,Cliente Leal,-794.284135033809,-8.793082495158135,-12.730110025105581
9757,1528,2303.0,2052-09-17,MX,5,44,Tecnología,Guadalajara,0.3116764327568958,0.8324974924774323,0.10991438829052748,Premium Adulto,-232.27415370289282,10.224958854234057,-17.099574638917147
9756,593,3230.0,2052-09-16,MX,49,61,Hogar,Monterrey,0.17055881091896527,0.925777331995988,0.712234189450428,Premium Adulto,694.7193616195214,0.7026713256471666,29.229072222539052
9755,117,3408.0,2052-09-15,MX,34,68,Tecnología,CDMX,0.1298556524224668,0.043129388164493486,0.3216652858326429,Premium Adulto,872.726796951436,14.525581670154747,20.269718783070722
9754,109,1143.0,2052-09-14,MX,1,27,Moda,CDMX,0.9434757753322852,0.6670010030090271,0.5395954156310412,Regular,-1392.2798168963939,-1.4385017068630468,-29.584308841605363
9753,856,4839.0,2052-09-13,MX,50,22,Tecnología,Guadalajara,0.6563813062741175,0.6780341023069208,0.5463615023474179,Premium Joven,2303.702718371664,-33.661373204963255,9.362242896041657
9752,1630,4661.0,2052-09-12,MX,36,48,Tecnología,CDMX,0.5670858939545519,0.6288866599799399,0.051505109085887874,Premium Adulto,2125.7177473198076,-4.108743480504607,11.3556534779132
9751,1455,957.0,2052-09-11,MX,30,59,Hogar,CDMX,0.7844361869372588,0.8736208625877633,0.4373101353217343,Cliente Leal,-1578.27539361255,10.293081830516105,11.997201216479233
9750,211,849.0,2052-09-10,MX,18,33,Moda,CDMX,0.8956124053165643,0.3490471414242728,0.333091687379177,Regular,-1686.2824732658064,-5.264810132631805,-12.011391102633276
9749,1838,886.0,2052-09-09,MX,9,44,Tecnología,Guadalajara,0.2912391024724882,0.6740220661985958,0.4609223971278652,Regular,-1649.2751817601084,8.82016756296067,-13.767285889888925
9748,214,845.0,2052-09-08,MX,33,51,Tecnología,CDMX,0.4763898813777333,0.9157472417251755,0.3728251864125932,Cliente Leal,-1690.279593317868,1.9819196257646468,10.271429976584166
9747,763,2421.0,2052-09-07,MX,49,18,Hogar,Monterrey,0.87396026868658,0.31795386158475425,0.6639740403203535,Premium Joven,-114.29831390064419,-35.276183567091174,6.294533027047194
9746,233,3232.0,2052-09-06,MX,10,38,Hogar,Monterrey,0.830470201514935,0.8876629889669008,0.9361364264015465,Premium Adulto,696.7217178431943,2.0084163412957885,-16.029960653888796
9745,1122,2791.0,2052-09-05,MX,33,56,Moda,CDMX,0.7658567957696155,0.5446339017051154,0.6295912731289699,Premium Adulto,255.72221342875218,5.21757080365073,13.007212146978958
9744,1880,3414.0,2052-09-04,MX,32,59,Moda,Guadalajara,0.13893097041589256,0.5195586760280843,0.4077948080640707,Premium Adulto,878.7236851187718,7.970585752882588,13.783230903669143
9743,1423,4956.0,2052-09-03,MX,19,24,Tecnología,Guadalajara,0.03660140060025727,0.9378134403209629,0.04877796188898095,Premium Joven,2420.7129735154335,-15.516850158499949,-15.803690654637773
9742,1404,3329.0,2052-09-02,MX,20,66,Tecnología,Guadalajara,0.9860368729455481,0.4934804413239719,0.9247100248550124,Premium Adulto,793.7302304449763,20.329978692780696,7.350897047454893
9741,1976,2597.0,2052-09-01,MX,27,41,Tecnología,Monterrey,0.9758753751607833,0.27181544633901705,0.20446699806683238,Premium Adulto,61.71786066636332,-4.18280169340316,-0.06775940694139848
9740,1329,2567.0,2052-08-31,MX,41,34,Tecnología,Monterrey,0.415206517078748,0.7703109327983952,0.4618889809444905,Premium Adulto,31.71072050817702,-17.548361043589523,8.052027326582305
9739,1216,3890.0,2052-08-30,MX,38,20,Hogar,Monterrey,0.5576675718164927,0.08625877632898696,0.7599765258215962,Premium Joven,1354.7056737834691,-28.476094418836748,-1.8942745870451247
9738,213,168.0,2052-08-29,MX,29,41,Tecnología,CDMX,0.8851650707446047,0.10030090270812436,0.20961060480530241,Regular,-2367.282425885082,-4.004474396063923,1.5341258897504986
9737,886,1150.0,2052-08-28,MX,39,44,Moda,Monterrey,0.44920680291553516,0.7061183550651956,0.8803162109914389,Cliente Leal,-1385.2843490988369,-7.293923886920069,11.632480753235804
9736,1020,3851.0,2052-08-27,MX,6,40,Tecnología,Monterrey,0.5338287837644705,0.3711133400200602,0.29843275338304337,Premium Adulto,1315.7236826032413,5.514670007352347,-18.32592673171525
9735,1612,3840.0,2052-08-26,MX,45,45,Hogar,Guadalajara,0.6691439188223525,0.5526579739217653,0.07173432753383044,Premium Adulto,1304.7138746041583,-11.021252778059289,17.343915511577194
9734,735,1750.0,2052-08-25,MX,5,63,Moda,CDMX,0.9309704158925253,0.3420260782347041,0.16570008285004145,Regular,-785.2662382685869,26.588342046074853,-7.000958925994141
9733,1256,4749.0,2052-08-24,MX,7,68,Hogar,Guadalajara,0.3047591825067887,0.48144433299899697,0.5593413421706711,Premium Adulto,2213.734836695053,28.220227680786525,-2.531833428193764
9732,1053,815.0,2052-08-23,MX,47,64,Hogar,Guadalajara,0.6631270544519079,0.009027081243731194,0.22542115437724386,Regular,-1720.2784811871124,5.5428847955377805,29.04359532890897
9731,616,4713.0,2052-08-22,MX,24,55,Hogar,Guadalajara,0.6608117764756324,0.6740220661985958,0.9971692902513117,Premium Adulto,2177.7242900822907,8.181381451071037,4.929544547558223
9730,490,3931.0,2052-08-21,MX,28,40,Hogar,Guadalajara,0.8474774903530085,0.35707121364092276,0.45512289422811375,Premium Adulto,1395.7169706057462,-6.244426815441262,0.2960447153192902
9729,1313,4576.0,2052-08-20,MX,8,21,Tecnología,CDMX,0.7262398170644562,0.017051153460381142,0.35183650925158794,Premium Joven,2040.715123536395,-12.002201759769559,-26.726317060005126
9728,1327,273.0,2052-08-19,MX,20,29,Hogar,Monterrey,0.44923538659425466,0.46740220661985954,0.39840513670256833,Regular,-2262.2846512319106,-9.420257405979982,-12.470192441186676
9727,1700,1394.0,2052-08-18,MX,33,65,Moda,Monterrey,0.02959839931399172,0.3430290872617853,0.797328086164043,Regular,-1141.273868755967,13.55055508458516,17.74986352328532
9726,1638,2837.0,2052-08-17,MX,42,28,Tecnología,CDMX,0.4186365585250822,0.6840521564694083,0.17502071251035628,Premium Joven,301.70789925448116,-23.297473371662818,5.712778328495482
9725,1795,4918.0,2052-08-16,MX,49,30,Hogar,Guadalajara,0.8555809632699728,0.16148445336008024,0.7898715824357913,Premium Adulto,2382.706317315637,-26.398181168628454,12.779850267294222
9724,1877,1807.0,2052-08-15,MX,24,27,Hogar,Monterrey,0.8609832785479491,0.16048144433299902,0.16625241645954159,Regular,-728.2869057663331,-14.029154083614575,-10.093057558860998
9723,400,3264.0,2052-08-14,MX,15,44,Tecnología,CDMX,0.6376875803915963,0.9819458375125376,0.8058202154101077,Premium Adulto,728.7226736596135,4.406887096862839,-8.600929938032387
9722,1323,3553.0,2052-08-13,MX,22,56,Hogar,Guadalajara,0.9346005430898957,0.8304914744232699,0.8623308478320906,Premium Adulto,1017.7254593654402,10.686464091571327,3.725521791872616
9721,94,3017.0,2052-08-12,MX,45,52,Moda,Guadalajara,0.15219379734171787,0.6098294884653962,0.0695940347970174,Premium Adulto,481.7168849442737,-4.6751973220809155,21.042349032190877
9720,240,1089.0,2052-08-11,MX,17,28,Hogar,Guadalajara,0.2776904387594683,0.1033099297893681,0.8514567798950566,Regular,-1446.2842526926152,-9.08577512365213,-15.51090809254341
9719,1230,2844.0,2052-08-10,MX,4,30,Hogar,CDMX,0.5539516935829641,0.7101303911735206,0.39215686274509803,Premium Adulto,308.7202911825575,-1.3680343936261004,-25.382964895383022
9718,1496,587.0,2052-08-09,MX,37,43,Tecnología,CDMX,0.8546234100328712,0.8565697091273822,0.6506144711405689,Cliente Leal,-1948.2840879382904,-6.787314475458455,9.385369978406317
9717,796,231.0,2052-08-08,MX,31,59,Tecnología,CDMX,0.3758753751607832,0.929789368104313,0.3243233913283623,Cliente Leal,-2304.2755959072365,10.132280762035787,12.817001700081995
9716,1425,4398.0,2052-08-07,MX,17,60,Moda,CDMX,0.505988280691725,0.31995987963891676,0.37910798122065725,Premium Adulto,1862.7285284579907,16.302564077211112,1.6571333051879904
9715,1318,687.0,2052-08-06,MX,36,56,Hogar,Monterrey,0.5434757753322852,0.4292878635907723,0.6129522231427782,Regular,-1848.2784183226079,4.696938452755724,15.467811584335216
9714,485,2520.0,2052-08-05,MX,2,51,Moda,CDMX,0.45105045019293977,0.2848545636910732,0.7740610328638498,Premium Adulto,-15.270373861574171,17.63684048406584,-15.90210721782384
9713,1065,4913.0,2052-08-04,MX,32,64,Tecnología,Guadalajara,0.12435329426897243,0.33701103309929786,0.5146368406517536,Premium Adulto,2377.7255549321385,11.435089113338488,16.50269494613253
9712,827,3372.0,2052-08-03,MX,34,40,Moda,CDMX,0.38560811776475634,0.5877632898696089,0.20377658105495722,Premium Adulto,836.7152240916507,-9.154056919133422,5.353841766543653
9711,827,1745.0,2052-08-02,MX,9,40,Moda,CDMX,0.38560811776475634,0.5877632898696089,0.20377658105495722,Regular,-790.2769511598526,4.994812200297567,-15.865683339133156
9710,640,3160.0,2052-08-01,MX,1,37,Hogar,Guadalajara,0.49005287980563095,0.2928786359077232,0.6831676332504832,Premium Adulto,624.7240591041127,5.992955919732232,-24.181429326241254
9709,1107,2395.0,2052-07-31,MX,32,56,Tecnología,Guadalajara,0.07371730741746463,0.48946840521564694,0.03358878762772714,Premium Adulto,-140.27742130596516,5.952965022830238,12.147344926312407
9708,268,4513.0,2052-07-30,MX,1,26,Hogar,CDMX,0.5160640274403315,0.3510531594784353,0.4077948080640707,Premium Joven,1977.7193324985597,-4.009706278381451,-29.98973378819703
9707,852,2274.0,2052-07-29,MX,14,47,Hogar,Monterrey,0.9854366156924396,0.9358074222668005,0.5561654239160453,Premium Adulto,-261.2756589810101,7.984920612532104,-7.886947910814314
9706,1478,2703.0,2052-07-28,MX,22,69,Tecnología,Guadalajara,0.49186794340431617,0.6148445336008025,0.7456848936757802,Premium Adulto,167.73095136669235,22.124353584120858,10.61882124851057
9705,649,2881.0,2052-07-27,MX,26,45,Hogar,Monterrey,0.348177790481635,0.6068204613841525,0.282173432753383,Premium Adulto,345.7197915400784,-0.409799672846308,1.2279224257571357
9704,747,4295.0,2052-07-26,MX,18,34,Moda,CDMX,0.8059311133342861,0.9699097291875627,0.36536868268434136,Premium Adulto,1759.7174862476145,-6.182719040766212,-11.349794120809534
9703,1501,3374.0,2052-07-25,MX,33,32,Hogar,Monterrey,0.5158639416892954,0.028084252758274822,0.512151339409003,Premium Adulto,838.7122224960267,-15.392795545725008,0.2464867291235322
9702,331,179.0,2052-07-24,MX,27,42,Tecnología,Monterrey,0.3353151350578819,0.0160481444332999,0.15420463960231978,Regular,-2356.281395880411,-2.098101894693901,0.37545396814853405
9701,1545,3447.0,2052-07-23,MX,37,62,Hogar,Monterrey,0.30706016864370445,0.33801404212637914,0.32273543220104944,Premium Adulto,911.7233954157618,7.829405668620229,19.61393203117529
9700,1099,1023.0,2052-07-22,MX,26,48,Tecnología,Monterrey,0.5448906674288981,0.9167502507522568,0.9444214305440486,Cliente Leal,-1512.2787236062734,3.0806601748878215,2.7555394459544473
9699,416,4877.0,2052-07-21,MX,50,62,Tecnología,Guadalajara,0.6470058596541375,0.8696088264794384,0.6538249102457885,Premium Adulto,2341.7192447090233,0.17286434524609362,30.66904339588799
9698,88,2879.0,2052-07-20,MX,27,22,Hogar,Monterrey,0.6259682721166214,0.4724172517552658,0.3226663904998619,Premium Joven,343.70997777307457,-20.407389669329845,-10.176862042270429
9697,1909,757.0,2052-07-19,MX,16,45,Hogar,Monterrey,0.7138916678576532,0.23069207622868607,0.5296188898094449,Regular,-1778.2768885588973,6.004004892260777,-7.315562948884612
9696,341,4062.0,2052-07-18,MX,38,49,Tecnología,CDMX,0.12136629984278977,0.26078234704112335,0.24516708091687378,Premium Adulto,1526.7176402601217,-4.020409479963359,13.55940535666899
9695,1110,1008.0,2052-07-17,MX,18,42,Moda,Monterrey,0.4784764899242533,0.724172517552658,0.551056338028169,Cliente Leal,-1527.278766856111,2.2711999728101553,-7.211268763712738
9694,527,175.0,2052-07-16,MX,9,43,Tecnología,Monterrey,0.9365299414034586,0.9969909729187563,0.10691107428887049,Cliente Leal,-2360.2755150665726,8.336921347877286,-14.32771549663751
9693,1393,3210.0,2052-07-15,MX,48,36,Tecnología,Monterrey,0.3885379448335,0.26078234704112335,0.7867301850317592,Premium Adulto,674.70933457908,-19.91282841608789,15.066030654487392
9692,823,320.0,2052-07-14,MX,17,23,Tecnología,CDMX,0.4292839788480778,0.33400200601805413,0.33329881248273957,Regular,-2215.2862236651195,-12.924438619985889,-18.203158906970568
9691,1790,1760.0,2052-07-13,MX,33,40,Hogar,Guadalajara,0.8366871516364156,0.031093279839518557,0.4846382214857774,Regular,-775.2842641948289,-7.7960685149408135,4.4465711892908075
9690,1030,1203.0,2052-07-12,MX,43,37,Hogar,Guadalajara,0.7074603401457767,0.23269809428284854,0.8537006351836509,Regular,-1332.2884705092938,-15.376022964296371,11.291211503019092
9689,1279,3254.0,2052-07-11,MX,27,29,Hogar,Guadalajara,0.7023581534943547,0.8996990972918757,0.7975006904170119,Premium Joven,718.7128219908673,-14.674805353381249,-6.43482188446621
9688,1126,4072.0,2052-07-10,MX,33,57,Hogar,CDMX,0.7990567386022581,0.2106318956870612,0.9409693454846727,Premium Adulto,1536.7224595201023,5.408499866720177,13.58790803730355
9687,1127,141.0,2052-07-09,MX,47,69,Tecnología,Guadalajara,0.5954266114048878,0.6118355065195588,0.28983706158519745,Regular,-2394.2763253331773,10.119493431755014,31.681290158594926
9686,659,921.0,2052-07-08,MX,13,57,Hogar,CDMX,0.40054308989566956,0.8425275827482448,0.7543841480254073,Cliente Leal,-1614.2710319176265,17.67423339726872,-3.456666578272049
9685,1875,2360.0,2052-07-07,MX,6,36,Hogar,Monterrey,0.3855938259253966,0.4132397191574724,0.044428334714167364,Premium Adulto,-175.2777728025667,2.8924657979136263,-20.51207346159616
9684,181,1165.0,2052-07-06,MX,27,55,Moda,Guadalajara,0.22366728597970562,0.6920762286860582,0.792046396023198,Regular,-1370.276148791518,8.399916919394652,7.33635139483507
9683,967,1270.0,2052-07-05,MX,39,66,Hogar,Guadalajara,0.42146634271830785,0.3711133400200602,0.4586785418392709,Regular,-1265.275274413026,11.26397281614739,23.355331243824374
9682,1017,176.0,2052-07-04,MX,11,24,Moda,Guadalajara,0.8691296269829928,0.9428284854563691,0.2626691521679094,Cliente Leal,-2359.283973996613,-8.809164556752627,-22.755002232528074
9681,519,2024.0,2052-07-03,MX,48,46,Hogar,CDMX,0.6452908389309704,0.526579739217653,0.7463753106876554,Premium Adulto,-511.2863813998856,-10.842590643140358,20.3473977583839
9680,1055,1334.0,2052-07-02,MX,20,67,Hogar,Monterrey,0.7223381449192511,0.1945837512537613,0.573080640706987,Regular,-1201.2690901493625,22.1976328192096,7.8094450312144446
9679,494,2919.0,2052-07-01,MX,48,65,Moda,CDMX,0.3030870373017007,0.5646940822467402,0.21244131455399062,Premium Adulto,383.7213554675318,4.779524920193122,30.50172667802091
9678,1953,2239.0,2052-06-30,MX,21,49,Moda,CDMX,0.9514506216950122,0.10030090270812436,0.9708989229494615,Premium Adulto,-296.2769543102154,5.967747112535324,-0.8981907938428861
9677,752,207.0,2052-06-29,MX,12,44,Tecnología,Monterrey,0.24434757753322853,0.2637913741223671,0.9861571389119027,Regular,-2328.276000869067,7.5704757395809,-11.253543665604951
9676,1015,2504.0,2052-06-28,MX,34,34,Tecnología,Monterrey,0.5321423467200228,0.6158475426278837,0.9041010770505385,Premium Adulto,-31.287139532925266,-13.787300074761026,2.1250530057589927
9675,1408,4040.0,2052-06-27,MX,42,64,Hogar,Monterrey,0.09851364870658855,0.22367101303911735,0.5696285556476112,Premium Adulto,1504.7226269711568,6.555722104548739,24.93348290921724
9674,215,3358.0,2052-06-26,MX,36,62,Tecnología,Monterrey,0.4677147348863798,0.5115346038114343,0.1653203534935101,Premium Adulto,822.7237075667704,8.407292037639479,18.763936933684768
9673,1965,3616.0,2052-06-25,MX,30,54,Hogar,Guadalajara,0.18956695726740033,0.7001003009027081,0.7490679370339686,Premium Adulto,1080.7222017651734,4.700916173041417,9.434665092139788
9672,1187,2442.0,2052-06-24,MX,23,49,Hogar,Monterrey,0.6266256967271687,0.32798395185556667,0.7676401546534106,Premium Adulto,-93.27758580296268,4.798526235864962,0.8025630825303693
9671,57,1969.0,2052-06-23,MX,30,54,Tecnología,Guadalajara,0.04067457481777906,0.8866599799398195,0.15147749240541286,Cliente Leal,-566.2775822132708,5.543601371190423,9.373230608384404
9670,998,3059.0,2052-06-22,MX,27,64,Tecnología,CDMX,0.4717736172645419,0.4473420260782347,0.6832711958022646,Premium Adulto,523.7273162728534,15.047235813947264,12.200825817546296
9669,1202,4526.0,2052-06-21,MX,16,49,Hogar,Guadalajara,0.850107188795198,0.058174523570712136,0.36384976525821594,Premium Adulto,1990.7242643360682,7.4597599304210185,-5.043841149699745
9668,1961,3112.0,2052-06-20,MX,19,21,Hogar,CDMX,0.31299128197799053,0.9819458375125376,0.10856807511737089,Premium Joven,576.7119723943492,-17.112052982265105,-17.471207940596337
9667,1234,425.0,2052-06-19,MX,27,66,Tecnología,Monterrey,0.6818779476918679,0.9558676028084253,0.03175918254625794,Cliente Leal,-2110.271518051489,18.08744405022023,13.166923930752368
9666,713,2251.0,2052-06-18,MX,28,33,Moda,Guadalajara,0.5211805059311133,0.399197592778335,0.6702568351284176,Premium Adulto,-284.2856938355012,-11.308390167328227,-3.494923692252712
9665,925,4537.0,2052-06-17,MX,33,60,Tecnología,Monterrey,0.5639845648134915,0.7011033099297894,0.36512703673018504,Premium Adulto,2001.7236379311184,7.708983122628808,15.203514866627884
9664,1002,2973.0,2052-06-16,MX,42,67,Hogar,Monterrey,0.6779048163498642,0.2818455366098295,0.5797086440209887,Premium Adulto,437.72399741040954,9.640539340747946,26.49041865799412
9663,270,1717.0,2052-06-15,MX,50,21,Tecnología,CDMX,0.055266542804058905,0.5025075225677031,0.3516984258492129,Regular,-818.2972735231101,-32.90914005536929,8.713724355755268
9662,120,3773.0,2052-06-14,MX,7,35,Hogar,Guadalajara,0.09372588252108047,0.26780341023069204,0.8157622203811102,Premium Adulto,1237.7213329827105,0.7910343111088487,-20.145047147172832
9661,1129,4194.0,2052-06-13,MX,32,33,Tecnología,CDMX,0.021866514220380162,0.5646940822467402,0.12769262634631318,Premium Adulto,1658.7128374995386,-14.433765780532752,-0.03586561299461977
9660,1081,2194.0,2052-06-12,MX,5,31,Moda,CDMX,0.7148635129341147,0.7542627883650953,0.5051090858878763,Premium Adulto,-341.27951642418566,-0.7216208337433834,-24.02866417562041
9659,1301,3684.0,2052-06-11,MX,8,58,Tecnología,CDMX,0.2776904387594683,0.21163490471414242,0.33664733499033417,Premium Adulto,1148.7305396379675,19.769316045360977,-7.051534257414701
9658,1292,1982.0,2052-06-10,MX,21,23,Hogar,Monterrey,0.48496498499356866,0.7602808425275828,0.5569594034797017,Cliente Leal,-553.2876608369968,-15.905839829801184,-14.75587796888324
9657,936,4766.0,2052-06-09,MX,27,63,Moda,Monterrey,0.24290410175789626,0.03711133400200602,0.17833471416735708,Premium Adulto,2230.7266795208293,13.32695212908072,11.732891065905605
9656,1845,2048.0,2052-06-08,MX,45,18,Tecnología,Monterrey,0.11830784621980853,0.6449348044132398,0.5456020436343552,Premium Joven,-487.29703515055576,-32.95436284255521,2.8962799566075716
9655,1938,748.0,2052-06-07,MX,35,26,Hogar,Guadalajara,0.9631842218093468,0.1675025075225677,0.6365299640983154,Regular,-1787.2905268527488,-20.19208367483447,-1.3559163054740253
9654,1453,3518.0,2052-06-06,MX,23,50,Hogar,CDMX,0.23828783764470488,0.11835506519558675,0.7408174537420602,Premium Adulto,982.7226924763618,5.094377652688934,1.3762860217555826
9653,805,2604.0,2052-06-05,MX,8,22,Tecnología,CDMX,0.2693154208946692,0.29989969909729186,0.43247721623860813,Premium Joven,68.7158048812662,-10.14606006599493,-26.267012694249946
9652,510,3529.0,2052-06-04,MX,12,55,Moda,Guadalajara,0.113334286122624,0.633901705115346,0.7529342723004695,Premium Adulto,993.728107274017,15.179375792028235,-5.269951217251389
9651,207,3843.0,2052-06-03,MX,41,51,Moda,CDMX,0.2634414749178219,0.42326980942828485,0.9588511460922398,Premium Adulto,1307.7175839300658,-3.8131130547170002,17.15499617960812
9650,1428,928.0,2052-06-02,MX,41,31,Hogar,Monterrey,0.4581106188366443,0.8284854563691073,0.1294877105771886,Cliente Leal,-1607.290305915243,-19.2486668383417,6.392668206772157
9649,744,3937.0,2052-06-01,MX,44,55,Tecnología,Monterrey,0.25402315277976273,0.43129388164493476,0.34424192212096105,Premium Adulto,1401.718307943444,-2.074282266110856,21.82826022400102
9648,138,2226.0,2052-05-31,MX,3,24,Moda,Guadalajara,0.7602686865799628,0.22567703109327986,0.16880695940347973,Premium Joven,-309.2818066565869,-5.597215619665985,-29.448314003058343
9647,1004,4672.0,2052-05-30,MX,12,45,Tecnología,Guadalajara,0.9944690581677861,0.9799398194583752,0.14837061585197459,Premium Adulto,2136.7238043761313,6.129559348444332,-10.55496516918869
9646,348,2156.0,2052-05-29,MX,18,31,Hogar,Monterrey,0.9694154637701872,0.2597793380140421,0.31628003314001657,Premium Adulto,-379.28347343977794,-7.62661173319785,-13.027748340066474
9645,1799,3077.0,2052-05-28,MX,43,18,Hogar,Monterrey,0.844218950978991,0.6198595787362087,0.22735432201049433,Premium Joven,541.7034234851767,-32.416630637569014,1.2410651621912265
9644,1964,4289.0,2052-05-27,MX,8,27,Moda,Monterrey,0.48968129198227806,0.7462387161484454,0.8662662247997791,Premium Joven,1753.7176469944693,-6.776926617562733,-23.541384837962415
9643,1268,3665.0,2052-05-26,MX,12,48,Tecnología,CDMX,0.45588109189652704,0.22567703109327986,0.122997790665562,Premium Adulto,1129.7251874294361,9.18476103023404,-8.993498095138229
9642,616,3465.0,2052-05-25,MX,18,55,Hogar,Guadalajara,0.6608117764756324,0.6740220661985958,0.9971692902513117,Premium Adulto,929.7262811270393,12.016096318010643,-0.19528116431558118
9641,457,2281.0,2052-05-24,MX,26,26,Tecnología,Guadalajara,0.1418179219665571,0.7452357071213641,0.9344103838718586,Premium Joven,-254.28797428267308,-16.18251109181343,-8.914574409284015
9640,1313,846.0,2052-05-23,MX,14,21,Tecnología,CDMX,0.7262398170644562,0.017051153460381142,0.35183650925158794,Regular,-1689.2862109204748,-13.288551931706413,-21.788065841383503
9639,864,516.0,2052-05-22,MX,13,55,Tecnología,Monterrey,0.31264827783335714,0.43229689067201604,0.7912869373101353,Regular,-2019.2718026445023,16.189136239168473,-4.536764260745407
9638,1822,249.0,2052-05-21,MX,3,58,Moda,Guadalajara,0.909061026154066,0.35907723169508526,0.19248826291079812,Regular,-2286.267497324113,24.190341329461038,-11.413066162811965
9637,16,3184.0,2052-05-20,MX,28,52,Hogar,CDMX,0.310261540660283,0.5656970912738215,0.7729563656448495,Premium Adulto,648.7220392688141,4.294647630128239,6.660383905194642
9636,180,1115.0,2052-05-19,MX,5,66,Tecnología,CDMX,0.6512362441046162,0.4242728184553661,0.5265810549571941,Regular,-1420.2649078463166,29.452904454792186,-5.426522990546211
9635,1893,2762.0,2052-05-18,MX,1,49,Moda,Monterrey,0.5926825782478204,0.24473420260782347,0.15990057995029,Premium Adulto,226.7290660779995,16.352320731515494,-17.804709273608683
9634,1438,1190.0,2052-05-17,MX,4,60,Moda,CDMX,0.6035729598399314,0.7753259779338014,0.22265948632974314,Cliente Leal,-1345.2670944745587,24.86874392605483,-9.465911825317924
9633,1985,3730.0,2052-05-16,MX,22,57,Moda,CDMX,0.4240674574817779,0.9167502507522568,0.8932960508146921,Premium Adulto,1194.7258582150394,11.442554220406638,4.2655768417688975
9632,595,4634.0,2052-05-15,MX,29,35,Hogar,Monterrey,0.32452479634128917,0.9368104312938816,0.8799364816349075,Premium Adulto,2098.7145177849975,-11.36816379485462,-1.4940129289829969
9631,680,404.0,2052-05-14,MX,22,31,Hogar,Monterrey,0.9104759182506789,0.39618856569709127,0.15786384976525825,Regular,-2131.284460100228,-8.860414450644742,-9.707982481827322
9630,95,3266.0,2052-05-13,MX,35,31,Moda,Monterrey,0.3088609404030299,0.24674022066198598,0.6248964374482188,Premium Adulto,730.7112185718374,-17.2489721275143,1.4026787263982072
9629,652,2438.0,2052-05-12,MX,11,66,Tecnología,Monterrey,0.2137344576246963,0.4062186559679037,0.23525959679646508,Premium Adulto,-97.2669028552873,25.579879328168378,-0.2980847069981607
9628,1111,4153.0,2052-05-11,MX,34,27,Tecnología,CDMX,0.8762612548234957,0.3671013039117352,0.10211267605633804,Premium Joven,1617.7097397702523,-20.556663342036003,-1.541832050525123
9627,205,2876.0,2052-05-10,MX,29,39,Tecnología,Guadalajara,0.9884236101186222,0.48746238716148443,0.7914250207125103,Premium Adulto,340.71639139564013,-7.0832041562121155,0.5698214014516338
9626,1397,2949.0,2052-05-09,MX,9,18,Hogar,Guadalajara,0.7708017721880805,0.8044132397191575,0.7009803921568627,Premium Joven,413.7137939361646,-14.241022549933145,-27.539452676279556
9625,160,3333.0,2052-05-08,MX,28,45,Moda,Monterrey,0.8197227383164213,0.44232698094282846,0.4226387738193869,Premium Adulto,797.7191159947697,-1.7066268718772335,2.936825999791104
9624,837,2043.0,2052-05-07,MX,21,20,Moda,Monterrey,0.9330856081177646,0.5195586760280843,0.4711405689036178,Premium Joven,-492.2889166121879,-18.476390309756255,-16.352087773256937
9623,1487,2721.0,2052-05-06,MX,14,36,Moda,Guadalajara,0.1721452050878948,0.7151454363089268,0.752140292736813,Premium Adulto,185.719751720183,-1.5528354163224556,-13.727799811688474
9622,1580,368.0,2052-05-05,MX,19,35,Tecnología,Guadalajara,0.3425325139345434,0.09628886659979939,0.9111433305716653,Regular,-2167.2818742720006,-3.857556696037527,-10.116904160533196
9621,764,2039.0,2052-05-04,MX,28,47,Tecnología,CDMX,0.16599971416321282,0.13239719157472418,0.46081883457608397,Premium Adulto,-496.27987469964546,0.6491139814552511,3.9548324463303786
9620,752,2821.0,2052-05-03,MX,20,44,Tecnología,Monterrey,0.24434757753322853,0.2637913741223671,0.9861571389119027,Premium Adulto,285.72121910156966,1.971193443393723,-4.384836897116941
9619,758,4972.0,2052-05-02,MX,47,48,Hogar,Monterrey,0.9369015292268116,0.35506519558676025,0.09330985915492958,Premium Adulto,2436.7143520819814,-10.127101077636333,20.676599652228624
9618,1329,3523.0,2052-05-01,MX,13,34,Tecnología,Monterrey,0.415206517078748,0.7703109327983952,0.4618889809444905,Premium Adulto,987.719117782397,-3.1238792831503233,-15.60971288495914
9617,1727,699.0,2052-04-30,MX,39,22,Tecnología,Monterrey,0.39269687008718024,0.5325977933801405,0.07249378624689312,Regular,-1836.2933850685304,-25.683116697446383,-0.10205250378212583
9616,1524,4580.0,2052-04-29,MX,49,36,Moda,Monterrey,0.44939259682721167,0.5857572718154463,0.13690969345484671,Premium Adulto,2044.7088440839566,-21.147509835649267,15.963608767084907
9615,865,363.0,2052-04-28,MX,49,30,Hogar,CDMX,0.5478062026582821,0.3430290872617853,0.5252002209334438,Regular,-2172.2930783783604,-24.066427839395818,12.609603970390786
9614,1097,334.0,2052-04-27,MX,46,57,Tecnología,Monterrey,0.07914820637416037,0.7261785356068206,0.7317729908864954,Cliente Leal,-2201.2809942501885,0.39791732157379656,24.45120888369531
9613,787,2287.0,2052-04-26,MX,47,18,Hogar,Guadalajara,0.3178790910390167,0.19057171514543633,0.3782449599558133,Premium Joven,-248.29767921713528,-34.142090567689166,4.59788090651891
9612,1067,3829.0,2052-04-25,MX,5,59,Tecnología,Guadalajara,0.4988137773331428,0.7111334002006019,0.8882560066280033,Premium Adulto,1293.731845599833,22.139438144618044,-9.05325956136705
9611,964,3566.0,2052-04-24,MX,8,34,Moda,Guadalajara,0.05583821637844791,0.275827482447342,0.35684203258768293,Premium Adulto,1030.7206405607885,-0.48232909568829996,-19.83892715670605
9610,13,611.0,2052-04-23,MX,12,21,Hogar,Monterrey,0.8301843647277405,0.41023069207622864,0.5438414802540734,Regular,-1924.285572418439,-12.103046230451845,-23.48998840533779
9609,1505,747.0,2052-04-22,MX,12,24,Tecnología,Monterrey,0.7090038587966271,0.9839518555667002,0.19628555647611157,Cliente Leal,-1788.2843513863654,-9.634067866380065,-21.887001964733795
9608,1599,411.0,2052-04-21,MX,37,23,Hogar,CDMX,0.39819922824067455,0.757271815446339,0.84469069317868,Cliente Leal,-2124.292320919131,-23.623524294147217,-1.2732182534374488
9607,1672,1432.0,2052-04-20,MX,39,59,Tecnología,Guadalajara,0.39988566528512215,0.6138415245737212,0.9003728251864126,Regular,-1103.2781860992202,5.256928864837157,19.63273497664887
9606,1358,1859.0,2052-04-19,MX,40,61,Tecnología,Guadalajara,0.6169501214806346,0.3530591775325978,0.21817177575255453,Regular,-676.2777276472675,6.197770457408925,21.560311791341356
9605,413,3694.0,2052-04-18,MX,41,60,Hogar,Guadalajara,0.1706159782764042,0.43329989969909727,0.9234327533830433,Premium Adulto,1158.7213244170584,3.8802740117815375,21.943303169956486
9604,1647,3467.0,2052-04-17,MX,4,50,Hogar,Monterrey,0.7515506645705302,0.9699097291875627,0.321078431372549,Premium Adulto,931.7284701733865,15.239568242451735,-14.707315862800126
9603,1921,4074.0,2052-04-16,MX,22,61,Tecnología,Guadalajara,0.10015721023295698,0.2938816449348044,0.371133664733499,Premium Adulto,1538.7274694873631,14.651872843487244,6.410018578657848
9602,638,3370.0,2052-04-15,MX,9,67,Moda,Monterrey,0.12319565528083468,0.48044132397191575,0.39270919635459817,Premium Adulto,834.733998680183,27.014548607921025,-1.423131023486448
9601,884,689.0,2052-04-14,MX,43,61,Moda,Monterrey,0.27285979705588115,0.4834503510531595,0.15230599281966306,Regular,-1846.2784811540591,5.198949535116011,24.055997103990073
9600,947,126.0,2052-04-13,MX,12,58,Tecnología,Guadalajara,0.44223238530798914,0.4182547642928786,0.1915216790941729,Regular,-2409.270212735333,19.459872467148113,-3.799865059336277
9599,1639,483.0,2052-04-12,MX,1,58,Moda,Guadalajara,0.9271259111047591,0.8716148445336008,0.9516708091687379,Cliente Leal,-2052.266916049459,25.136232716224615,-13.097477307973179
9598,1174,4442.0,2052-04-11,MX,30,33,Hogar,Guadalajara,0.9475060740317279,0.19658976930792377,0.07480668323667496,Premium Adulto,1906.7133977765766,-13.496010254115594,-1.7205620798873227
9597,45,486.0,2052-04-10,MX,31,28,Moda,Guadalajara,0.8922395312276691,0.8716148445336008,0.5515741507870754,Cliente Leal,-2049.288448512499,-16.235019279131606,-3.686070495935766
9596,1323,4187.0,2052-04-09,MX,8,56,Hogar,Guadalajara,0.9346005430898957,0.8304914744232699,0.8623308478320906,Premium Adulto,1651.7296374264738,17.818844607704865,-8.099501463567186
9595,1867,4943.0,2052-04-08,MX,4,35,Moda,Guadalajara,0.7605259396884378,0.4292878635907723,0.8873929853631594,Premium Adulto,2407.722080446601,1.7895112604158037,-22.641421129148714
9594,370,4758.0,2052-04-07,MX,45,43,Tecnología,CDMX,0.25470916106902963,0.6710130391173521,0.8654722452361227,Premium Adulto,2222.7129386572783,-13.182982497988231,16.31346353322919
9593,1997,3045.0,2052-04-06,MX,33,52,Tecnología,Guadalajara,0.831141917964842,0.28886659979939816,0.03610880972107153,Premium Adulto,509.7205226285723,1.7017433762560756,10.886363513907185
9592,834,4267.0,2052-04-05,MX,12,27,Tecnología,Monterrey,0.2811776475632414,0.6479438314944835,0.647024302678818,Premium Joven,1731.7164347680286,-8.896208948049743,-20.156391429546776
9591,89,1718.0,2052-04-04,MX,19,67,Moda,Guadalajara,0.32595398027726175,0.4373119358074222,0.48280861640430817,Regular,-817.2688304137605,22.533807510234492,6.9780381341123245
9590,1841,3056.0,2052-04-03,MX,6,38,Moda,Guadalajara,0.26822924110333,0.2848545636910732,0.14257111295222313,Premium Adulto,520.722964760867,4.229065303339656,-19.42047581443927
9589,1418,1172.0,2052-04-02,MX,49,42,Tecnología,CDMX,0.25399456910104334,0.10932798395185556,0.30475006904170115,Regular,-1363.2882216379148,-14.324349559018266,19.032236606401163
9588,1710,4165.0,2052-04-01,MX,46,24,Moda,CDMX,0.7569815635272259,0.14142427281845538,0.762151339409003,Premium Joven,1629.7048518078886,-29.492779809730983,7.016958513147429
9587,1029,4766.0,2052-03-31,MX,42,25,Moda,Guadalajara,0.2390167214520509,0.32798395185556667,0.12955675227837615,Premium Joven,2230.7064084321323,-26.823769063043706,4.187663424003638
9586,623,3742.0,2052-03-30,MX,20,26,Tecnología,Guadalajara,0.7078462198084894,0.8214643931795387,0.7737848660590997,Premium Joven,1206.7136485420538,-13.735172018644114,-13.93879714540289
9585,129,4839.0,2052-03-29,MX,16,63,Moda,Guadalajara,0.3131627840503073,0.006018054162487463,0.38414802540734605,Premium Adulto,2303.7300183939383,19.14873699099567,2.425716532664822
9584,1903,3590.0,2052-03-28,MX,8,56,Moda,Monterrey,0.7646419894240388,0.761283851554664,0.3335059375863021,Premium Adulto,1054.729716131812,18.124181276342032,-8.121427001296198
9583,1939,4627.0,2052-03-27,MX,49,33,Moda,Guadalajara,0.899428326425611,0.10030090270812436,0.5978666114333057,Premium Adulto,2091.7075937202076,-23.71034990815343,14.366864989851258
9582,1185,2906.0,2052-03-26,MX,28,34,Hogar,CDMX,0.18093468629412604,0.9197592778335005,0.2925642087821044,Premium Adulto,370.7146359162534,-10.797630297776507,-2.937363863892543
9581,1086,1464.0,2052-03-25,MX,44,29,Tecnología,Monterrey,0.8410747463198514,0.6068204613841525,0.29266777133388566,Regular,-1071.2921217241683,-22.81371285593346,7.885957860084183
9580,133,4338.0,2052-03-24,MX,24,43,Tecnología,CDMX,0.7247963412891238,0.09428284854563691,0.8773819386909694,Premium Adulto,1802.7193793917045,-1.7826618706164048,-1.4759199401710816
9579,248,1284.0,2052-03-23,MX,49,28,Hogar,Guadalajara,0.8610404459053881,0.28786359077231694,0.5743924330295498,Regular,-1251.2940314708567,-26.230758382114235,11.578351376272309
9578,1465,1252.0,2052-03-22,MX,28,51,Tecnología,Monterrey,0.7646991567814777,0.3259779338014042,0.6778859431096382,Regular,-1283.2781272565567,4.437035576286654,6.054742830644798
9577,959,3117.0,2052-03-21,MX,27,45,Moda,Guadalajara,0.8062455338002,0.2938816449348044,0.3917080916873792,Premium Adulto,581.719449179609,-1.0633689108843676,2.0824985322316536
9576,1536,2277.0,2052-03-20,MX,1,39,Moda,Monterrey,0.8637416035443762,0.5486459378134404,0.36095001380834024,Premium Adulto,-258.2750066841245,8.137034837853179,-23.149919493074975
9575,1057,4834.0,2052-03-19,MX,21,63,Moda,CDMX,0.30906102615406605,0.3009027081243731,0.04435929301297985,Premium Adulto,2298.7284946315817,16.487710930709508,6.6571717510954045
9574,656,1537.0,2052-03-18,MX,38,37,Moda,Guadalajara,0.7226668572245247,0.929789368104313,0.29908864954432474,Cliente Leal,-998.2869971608941,-12.884554798367743,7.071759852370782
9573,1302,3348.0,2052-03-17,MX,44,25,Moda,CDMX,0.5648706588537945,0.31995987963891676,0.0743579121789561,Premium Joven,812.7059806727357,-27.163413063903086,5.8266839809341135
9572,598,4691.0,2052-03-16,MX,35,55,Hogar,Monterrey,0.14176075460911822,0.802407221664995,0.10404584368958851,Premium Adulto,2155.72094809939,2.333210704725392,14.239488478260157
9571,795,1848.0,2052-03-15,MX,36,25,Tecnología,CDMX,0.2032871230527369,0.2337011033099298,0.08685446009389672,Regular,-687.2913797328908,-22.1341104711489,-0.9996332824967951
9570,223,3197.0,2052-03-14,MX,15,18,Moda,Guadalajara,0.3938402172359583,0.4262788365095286,0.021092239712786523,Premium Joven,661.711937956426,-17.563946402483676,-22.451112269633203
9569,233,3144.0,2052-03-13,MX,26,38,Hogar,Monterrey,0.830470201514935,0.8876629889669008,0.9361364264015465,Premium Adulto,608.7168589538469,-6.4687527672226715,-2.491789785881963
9568,934,3806.0,2052-03-12,MX,5,40,Hogar,Monterrey,0.6783907388880949,0.9498495486459378,0.269020988677161,Premium Adulto,1270.7239893376895,6.069986940142389,-19.174497143623896
9567,1156,395.0,2052-03-11,MX,46,31,Moda,Monterrey,0.5256824353294269,0.010030090270812439,0.7806545153272577,Regular,-2140.291753696035,-21.638194248140238,10.60456653503904
9566,1538,3433.0,2052-03-10,MX,20,57,Moda,Guadalajara,0.031770758896670026,0.6710130391173521,0.2026719138359569,Premium Adulto,897.726509361074,12.65968862358542,2.562712697218217
9565,421,2284.0,2052-03-09,MX,49,44,Moda,CDMX,0.20986136915821066,0.8625877632898696,0.7050193316763325,Premium Adulto,-251.28753984610694,-13.200867022243798,20.13875388197929
9564,1609,2272.0,2052-03-08,MX,40,23,Tecnología,Monterrey,0.5364298985279405,0.6038114343029087,0.38770367301850317,Premium Joven,-263.29348444155994,-26.17454615757613,1.3355283526000932
9563,552,3103.0,2052-03-07,MX,14,28,Moda,Monterrey,0.8824924967843361,0.48144433299899697,0.2123032311516156,Premium Joven,567.7163800116027,-8.519986433239003,-17.9754846520412
9562,1214,4458.0,2052-03-06,MX,29,36,Moda,Guadalajara,0.41459196798627984,0.7713139418254764,0.5218171775752555,Premium Adulto,1922.7149508653042,-10.43201538316039,-0.9679402721040873
9561,1190,596.0,2052-03-05,MX,21,18,Tecnología,Guadalajara,0.20444476204087467,0.6298896690070211,0.8398577740955537,Regular,-1939.2895376374047,-19.42753459822531,-17.470551982005716
9560,795,4840.0,2052-03-04,MX,44,25,Tecnología,CDMX,0.2032871230527369,0.2337011033099298,0.08685446009389672,Premium Joven,2304.7057903803293,-27.926900572621538,5.883240854100762
9559,76,1696.0,2052-03-03,MX,22,65,Hogar,Guadalajara,0.9181363441474918,0.10531594784353059,0.5684893675780172,Regular,-839.2705765419105,19.25424546374664,8.450149635872187
9558,1435,4245.0,2052-03-02,MX,21,35,Tecnología,CDMX,0.059339717021580696,0.0872617853560682,0.6573115161557581,Premium Adulto,1709.7170089976848,-6.90756883804174,-8.278377391198937
9557,553,183.0,2052-03-01,MX,4,67,Moda,CDMX,0.7732742603973131,0.2928786359077232,0.8104805302402651,Regular,-2352.264067487324,31.309196025913575,-5.775359908948076
9556,1146,783.0,2052-02-29,MX,2,50,Moda,CDMX,0.5682435329426897,0.9338014042126379,0.9063104114885391,Cliente Leal,-1752.2705603201603,17.679478889339546,-16.500422689255203
9555,635,565.0,2052-02-28,MX,25,28,Moda,Monterrey,0.36887237387451766,0.9277833500501504,0.6034935100800883,Cliente Leal,-1970.2866231782375,-13.079231943610562,-8.760344654468568
9554,75,188.0,2052-02-27,MX,36,48,Moda,Monterrey,0.9397027297413177,0.6058174523570713,0.467101629384148,Regular,-2347.281666705616,-1.8188204168974522,11.187302019518896
9553,16,4386.0,2052-02-26,MX,12,52,Hogar,CDMX,0.310261540660283,0.5656970912738215,0.7729563656448495,Premium Adulto,1850.72675122387,12.201531831006474,-6.836034454679819
9552,374,1202.0,2052-02-25,MX,19,62,Tecnología,Monterrey,0.24236101186222667,0.8826479438314945,0.7911488539077602,Cliente Leal,-1333.2708261563798,18.56638760613814,4.2953313509402165
9551,474,4512.0,2052-02-24,MX,36,60,Hogar,CDMX,0.028440760325853937,0.1695085255767302,0.7631524440762221,Premium Adulto,1976.7227405061108,6.124788500902646,17.742668714770097
9550,269,1070.0,2052-02-23,MX,13,59,Tecnología,Guadalajara,0.9903387165928256,0.9137412236710131,0.34997238331952496,Cliente Leal,-1465.2702377721575,19.28985558105433,-2.38671209718553
9549,743,2412.0,2052-02-22,MX,24,47,Moda,CDMX,0.18839502643990283,0.8044132397191575,0.8084092792046396,Premium Adulto,-123.27870569130391,2.588721641499415,0.5829581950442204
9548,676,4108.0,2052-02-21,MX,11,47,Moda,Guadalajara,0.003129912819779923,0.8234704112337011,0.2815520574426954,Premium Adulto,1572.7250279878285,8.644493467266987,-10.355492740779809
9547,1251,4086.0,2052-02-20,MX,41,33,Moda,CDMX,0.11124767757610407,0.5436308926780341,0.7326705330019332,Premium Adulto,1550.7101141199369,-19.171786655133168,7.576874759641342
9546,254,2746.0,2052-02-19,MX,16,19,Tecnología,CDMX,0.03372874088895242,0.4483450351053159,0.9885735984534659,Premium Joven,210.71211821429597,-17.018322157397307,-21.088701579915032
9545,1429,1689.0,2052-02-18,MX,4,27,Tecnología,Monterrey,0.06892954123195658,0.19358074222668004,0.8048881524440762,Regular,-846.2807846105482,-3.3148931036618166,-27.023195308443118
9544,1773,4573.0,2052-02-17,MX,42,67,Hogar,Guadalajara,0.27238816635701013,0.8074222668004012,0.5908933996133665,Premium Adulto,2037.7237926567373,8.821551255110986,26.550765867648188
9543,1823,2446.0,2052-02-16,MX,23,63,Moda,CDMX,0.8120766042589681,0.08826479438314945,0.029446285556476118,Premium Adulto,-89.27180770636278,16.64462117104009,8.259646201255116
9542,1424,1513.0,2052-02-15,MX,47,27,Moda,Monterrey,0.7099899957124481,0.4593781344032096,0.7002209334438001,Regular,-1022.2938630419749,-26.12891008050247,9.3617370530648
9541,242,3164.0,2052-02-14,MX,27,36,Hogar,Monterrey,0.5448049163927398,0.09127382146439318,0.9555716652858326,Premium Adulto,628.715731715437,-8.703775082927375,-2.7090793839525134
9540,444,491.0,2052-02-13,MX,4,58,Moda,CDMX,0.4065170787480349,0.009027081243731194,0.5128417564208783,Regular,-2044.2678224722567,23.53458040265617,-10.55672130483984
9539,343,3555.0,2052-02-12,MX,36,43,Tecnología,Monterrey,0.4274546234100328,0.14343029087261785,0.9495995581331124,Premium Adulto,1019.7158353127279,-7.773234241491849,8.651278611352865
9538,1972,3698.0,2052-02-11,MX,15,45,Moda,Guadalajara,0.46262684007431754,0.40120361083249745,0.24461474730737365,Premium Adulto,1162.7230303616252,5.030951003889129,-8.05128410103567
9537,1164,1773.0,2052-02-10,MX,34,48,Moda,Monterrey,0.899113905959697,0.8395185556670011,0.10691107428887049,Cliente Leal,-762.2812687313906,-1.565303337474571,9.554055458149008
9536,1636,4541.0,2052-02-09,MX,48,69,Tecnología,CDMX,0.021494926397027297,0.5436308926780341,0.263014360673847,Premium Adulto,2005.722799843003,7.334801901513448,32.69352895749598
9535,1099,613.0,2052-02-08,MX,3,48,Tecnología,Monterrey,0.5448906674288981,0.9167502507522568,0.9444214305440486,Cliente Leal,-1922.2716681895986,15.54123875128165,-16.72568909477038
9534,267,270.0,2052-02-07,MX,44,37,Moda,Monterrey,0.8752608260683149,0.09027081243731193,0.35666942833471416,Regular,-2265.288657463726,-15.431506392803389,12.102511500619777
9533,1993,4390.0,2052-02-06,MX,13,31,Hogar,Monterrey,0.5201943690152923,0.09829488465396188,0.02264567798950566,Premium Adulto,1854.7177602767692,-6.106912083617878,-17.174828778389973
9532,1265,3069.0,2052-02-05,MX,28,58,Hogar,Guadalajara,0.28257824782049445,0.23069207622868607,0.22645677989505658,Premium Adulto,533.7245318727046,9.431275700541502,9.85226155073174
9531,474,4767.0,2052-02-04,MX,23,60,Hogar,CDMX,0.028440760325853937,0.1695085255767302,0.7631524440762221,Premium Adulto,2231.726664150435,12.918550088690605,6.749782429615344
9530,1757,3446.0,2052-02-03,MX,3,59,Moda,Monterrey,0.25973988852365304,0.48545636910732193,0.7725075945871306,Premium Adulto,910.7325087663016,23.400950231616388,-10.759754528651662
9529,1032,1020.0,2052-02-02,MX,44,61,Moda,Guadalajara,0.441875089323996,0.22266800401203612,0.13121375310687655,Regular,-1515.2788318670875,4.49682812211428,24.91461321323029
9528,1111,1060.0,2052-02-01,MX,11,27,Tecnología,CDMX,0.8762612548234957,0.3671013039117352,0.10211267605633804,Regular,-1475.2828509309352,-6.722588888444026,-21.123618920979887
9527,1765,1375.0,2052-01-31,MX,18,59,Tecnología,Monterrey,0.9283835929684151,0.1785356068204614,0.817074012703673,Regular,-1160.2717950432764,16.471244305466218,1.856808556855512
9526,708,1567.0,2052-01-30,MX,13,36,Hogar,Monterrey,0.647291696441332,0.7532597793380141,0.9696906931786798,Cliente Leal,-968.2797987113079,-0.42961447622447935,-14.618248907140195
9525,443,3369.0,2052-01-29,MX,39,38,Tecnología,CDMX,0.7505931113334285,0.6760280842527583,0.09368958851146093,Premium Adulto,833.7128687797949,-13.508786378320103,8.51954483528106
9524,506,3215.0,2052-01-28,MX,3,38,Moda,Monterrey,0.6609404030298699,0.8886659979939819,0.11847555923777962,Premium Adulto,679.7238490755981,5.7450422498651506,-21.954506249952367
9523,1900,4627.0,2052-01-27,MX,31,60,Tecnología,Guadalajara,0.8305273688723739,0.7522567703109329,0.6542046396023198,Premium Adulto,2091.7242318518315,8.728211265530469,13.51366621959491
9522,107,4119.0,2052-01-26,MX,14,49,Tecnología,Guadalajara,0.9294697727597542,0.1484453360080241,0.12120270643468654,Premium Adulto,1583.7249238826184,8.733099179280952,-6.751896763166151
9521,600,3136.0,2052-01-25,MX,17,29,Moda,CDMX,0.5006145490924682,0.12337011033099297,0.049986191659762494,Premium Joven,600.7158819708061,-9.288169336544605,-14.901724034842001
9520,1495,4947.0,2052-01-24,MX,35,23,Moda,Guadalajara,0.8023581534943547,0.7673019057171515,0.6909003037834852,Premium Joven,2411.7076816560425,-24.880761883987624,-2.796523577056888
9519,103,3080.0,2052-01-23,MX,20,34,Hogar,Guadalajara,0.22699728455052168,0.1925777331995988,0.06265534382767192,Premium Adulto,544.7170472197604,-6.625528349898239,-9.701202338736863
9518,402,2640.0,2052-01-22,MX,37,20,Moda,Guadalajara,0.49321137630413037,0.17452357071213642,0.44445595139464233,Premium Joven,104.70614219079516,-27.303795871403484,-2.7873282588393664
9517,379,983.0,2052-01-21,MX,47,55,Hogar,Monterrey,0.32879805630984704,0.6188565697091274,0.5313449323391328,Regular,-1552.282216148721,-2.159945908434416,24.256299158219186
9516,174,1517.0,2052-01-20,MX,3,27,Hogar,Guadalajara,0.5210518793768758,0.958876629889669,0.1748135874067937,Cliente Leal,-1018.2804702962565,-2.6953491918497505,-27.876979507062302
9515,274,4525.0,2052-01-19,MX,7,29,Hogar,CDMX,0.43227097327426034,0.4573721163490471,0.32888014360673845,Premium Joven,1989.7187451193472,-4.672702373915715,-23.313221107442683
9514,1446,928.0,2052-01-18,MX,44,31,Hogar,Guadalajara,0.16305559525510935,0.1715145436308927,0.7054335818834576,Regular,-1607.2912095768256,-20.84563750415896,8.932386900532912
9513,1480,2689.0,2052-01-17,MX,4,62,Tecnología,CDMX,0.30827497498928114,0.8124373119358075,0.022127865230599286,Premium Adulto,153.73353825346976,25.79408534854529,-8.343939581851586
9512,1694,2393.0,2052-01-16,MX,26,23,Tecnología,CDMX,0.48399313991710735,0.20962888665997995,0.1794048605357636,Premium Joven,-142.28923840074958,-18.779523889778012,-10.50837078100281
9511,678,2048.0,2052-01-15,MX,12,64,Moda,CDMX,0.22009432613977423,0.22567703109327986,0.025994200497100252,Premium Adulto,-487.2679834159276,23.554103874809297,-0.5314948122650165
9510,1488,273.0,2052-01-14,MX,39,25,Hogar,Monterrey,0.8607260254394741,0.2848545636910732,0.08526650096658382,Regular,-2262.29209673684,-22.926239542893104,1.4792549248473392
9509,932,4715.0,2052-01-13,MX,34,20,Hogar,Monterrey,0.7545376589967129,0.8174523570712137,0.6173018503175918,Premium Joven,2179.70677716789,-26.768427643062275,-5.249402507439477
9508,1961,3008.0,2052-01-12,MX,13,21,Hogar,CDMX,0.31299128197799053,0.9819458375125376,0.10856807511737089,Premium Joven,472.71381254787,-13.86298078528997,-22.553156750043367
9507,617,4637.0,2052-01-11,MX,32,58,Moda,CDMX,0.5435329426897242,0.024072216649949848,0.8466929025131179,Premium Adulto,2101.7231068627593,6.498423692737955,13.295923520560315
9506,114,772.0,2052-01-10,MX,38,69,Hogar,Monterrey,0.2036301271973703,0.6379137412236711,0.39371030102181714,Regular,-1763.273661524077,14.590573548493875,24.088466497584157
9505,1594,1916.0,2052-01-09,MX,39,51,Tecnología,CDMX,0.6031013291410604,0.9077231695085256,0.008768296050814695,Cliente Leal,-619.2815653444497,-1.7625705891097283,15.389510000965657
9504,401,1832.0,2052-01-08,MX,9,68,Hogar,Monterrey,0.1896670001429184,0.15546639919759278,0.41179922673294667,Regular,-703.265385716712,28.648328588727853,-0.9480763915953148
9503,1966,1621.0,2052-01-07,MX,26,57,Hogar,CDMX,0.7789767043018436,0.19759277833500502,0.8006766086716377,Regular,-914.275086809346,10.391604491768081,7.5717277252892785
9502,1318,271.0,2052-01-06,MX,4,56,Hogar,Monterrey,0.5434757753322852,0.4292878635907723,0.6129522231427782,Regular,-2264.268622460341,21.95433651299103,-11.630718199088115
9501,221,4241.0,2052-01-05,MX,7,45,Hogar,CDMX,0.8533657281692154,0.15646940822467403,0.8395125655896162,Premium Adulto,1705.7253910739432,9.014387295279722,-14.802326877353753
